ID,user_id,item_id
12,12,"8421,2140,4798,5303,9580,331,6971,10326,851,8590"
14,14,"6971,9668,7637,9799,6166,8922,4698,5303,1290,5549"
17,17,"6815,8857,1916,8673,4803,12648,9568,6485,3756,6952"
21,21,"2218,7558,7707,8421,2140,9072,6220,5485,9942,13346"
44,44,"5135,9962,1290,4036,11298,13309,789,4576,3697,4664"
55,55,"4452,10340,4482,5303,13381,2337,12632,8413,2218,4321"
56,56,"8235,4413,2789,5199,11784,12026,6971,2140,4798,1100"
58,58,"4798,8421,851,5303,9580,10326,12990,2140,2380,13296"
59,59,"8590,6971,8421,10326,5303,2140,4798,4101,1634,7138"
79,79,"12026,8421,9580,6971,2140,10916,5999,6326,12793,5303"
81,81,"1290,7120,789,5135,4929,9962,296,13309,2916,12497"
85,85,"275,2140,5303,10241,10608,7063,2670,8421,8590,9580"
92,92,"6971,8590,2140,5303,7138,2218,6220,10326,1290,8922"
97,97,"3950,4798,8421,2140,3055,10138,2380,11784,2990,454"
100,100,"2140,5303,8421,4798,8161,851,2291,9580,11843,1776"
112,112,"2140,4413,2218,7138,6220,8562,976,6971,8590,13296"
122,122,"6971,8590,2140,5303,7138,2218,6220,10326,1290,8922"
133,133,"6971,8590,2140,5303,7138,2218,6220,10326,1290,8922"
141,141,"8590,5303,1290,6971,9799,13296,8922,6220,2140,6892"
144,144,"6971,8590,2140,5303,7138,2218,6220,10326,1290,8922"
149,149,"789,5135,1558,4163,1290,9962,10674,2957,13309,10336"
153,153,"2140,4798,4315,6971,5303,976,4277,9580,8421,6515"
166,166,"5135,8590,4163,2989,13309,789,6971,9962,1779,275"
220,220,"11784,8413,11622,11751,4602,5700,11540,3340,5177,3317"
231,231,"2140,2218,5303,2380,7138,6971,8421,976,12793,3950"
262,262,"2140,8421,4798,6971,5303,9580,851,6515,1180,10326"
274,274,"6971,2140,9799,2218,8590,4798,8922,2380,8421,9580"
277,277,"6971,8590,2140,5303,7138,2218,6220,10326,1290,8922"
281,281,"1290,789,5135,7120,296,10674,13309,4929,4218,10147"
291,291,"2140,275,2158,7383,2218,10326,7558,12887,2380,1978"
300,300,"6971,2140,5303,8421,851,4798,8161,9580,2380,331"
310,310,"2158,220,5303,2140,8421,8022,2264,12733,2218,9938"
332,332,"6971,8590,2140,5303,7138,2218,6220,10326,1290,8922"
344,344,"8421,4798,331,3950,5999,10326,12990,1776,9580,11843"
359,359,"1290,4929,7120,4576,11024,296,6971,10389,2916,10663"
380,380,"10835,8413,8235,5999,11540,12026,8562,11784,6529,7578"
386,386,"6220,4413,3870,13296,7707,9799,3950,4414,8562,8421"
426,426,"8235,2990,3950,6220,5124,11622,11784,2199,7578,11403"
436,436,"2140,6971,6220,8590,9799,2380,13296,8562,4798,8421"
453,453,"8235,8563,64,11800,7024,287,9426,12606,9570,8006"
461,461,"789,9962,4929,7120,13309,6971,296,10336,12497,10663"
464,464,"2291,2140,7063,5303,9771,6887,7439,10792,7138,12758"
473,473,"2218,64,12348,13310,2705,6220,11001,5495,3870,4608"
481,481,"8421,4277,10326,13296,8590,331,6220,4025,4798,9580"
490,490,"9962,11775,5135,1290,4576,1210,9295,10687,1554,2989"
494,494,"5303,9799,6971,2199,2140,4101,8235,12026,2380,4798"
497,497,"6971,8590,2140,5303,7138,2218,6220,10326,1290,8922"
510,510,"2343,5532,4388,6834,6220,10063,3870,3950,5999,2537"
511,511,"13114,3295,10473,4798,11282,9580,2140,10594,8472,8161"
512,512,"12029,11001,374,9356,4325,10914,4946,12339,6973,7264"
524,524,"1290,789,7120,10607,9962,296,5135,4929,10663,6610"
525,525,"8421,4798,10326,2140,7900,13296,6925,2411,12990,1776"
545,545,"2140,8421,3766,6515,5303,4277,10326,4924,976,9880"
560,560,"8421,10326,331,4798,3950,10916,1180,4865,2411,12857"
564,564,"6971,1290,5303,8922,8590,2140,6220,12026,7138,9799"
566,566,"12606,4946,10128,11541,3689,760,12635,8018,5685,5694"
568,568,"6971,8590,2140,5303,7138,2218,6220,10326,1290,8922"
570,570,"6971,8590,2140,5303,7138,2218,6220,10326,1290,8922"
573,573,"2140,5303,8421,6220,10326,8590,4277,13296,6971,2218"
594,594,"2140,3950,8421,5545,6220,12990,13346,5303,2337,4277"
601,601,"9229,2218,6971,6220,12253,1746,275,9570,5303,7922"
605,605,"1408,12611,5999,9504,2905,11357,6134,8746,1996,3950"
641,641,"6220,3950,3870,6971,5532,2140,4277,5999,1598,5303"
650,650,"4413,5545,5303,6220,2218,2380,8421,10835,4414,5506"
675,675,"2218,6220,4413,5303,8562,2380,3870,5545,7558,13296"
677,677,"1290,7120,789,10663,9962,4929,13309,296,3697,2916"
679,679,"2140,5303,8421,12990,10326,851,2218,9072,13296,4798"
683,683,"6971,8590,2140,5303,7138,2218,6220,10326,1290,8922"
687,687,"8590,13296,6971,10326,8421,2140,5303,6220,7707,8922"
705,705,"8421,2140,5303,4277,11384,10326,2158,9072,12857,11843"
708,708,"1290,7120,12497,5135,296,10663,2916,789,4576,6243"
712,712,"6971,8590,2140,5303,7138,2218,6220,10326,1290,8922"
715,715,"5303,8235,2220,8562,2218,4924,7578,6588,3766,976"
728,728,"789,5135,4576,9962,13309,10607,4163,11775,7120,1290"
743,743,"374,11001,5495,7922,2218,12606,11468,2343,9356,12727"
753,753,"6971,8590,2140,5303,7138,2218,6220,10326,1290,8922"
757,757,"2140,5303,6971,5999,8421,8590,9580,4798,2218,1912"
768,768,"2140,8562,3950,2218,2380,12990,8421,4277,4413,5303"
797,797,"6220,4915,1210,1426,714,11010,3870,2218,2343,2771"
813,813,"8703,9799,6166,4413,8235,5549,9668,4698,6971,5303"
832,832,"1290,6971,12030,5303,8703,1487,7120,9799,8922,1400"
833,833,"2140,4101,8413,8235,10608,4430,8161,2380,7439,10340"
844,844,"8235,8413,7578,3340,3909,11622,11643,11406,12026,13346"
858,858,"6971,8590,2140,5303,7138,2218,6220,10326,1290,8922"
874,874,"6971,8590,2140,5303,7138,2218,6220,10326,1290,8922"
875,875,"13296,6971,4798,8562,8421,2140,6220,10326,4277,12990"
892,892,"5303,4101,9668,2140,2199,6166,10340,11994,9937,6892"
897,897,"3950,4199,4602,3870,11784,3317,4946,3799,5199,10224"
912,912,"1290,4929,10663,7120,8590,6243,6971,4387,8567,12030"
924,924,"6971,2140,8590,7138,5303,9799,8922,8235,4413,6220"
926,926,"1290,7706,4698,3088,6166,7120,5149,2020,9799,6220"
933,933,"6971,8590,2140,5303,7138,2218,6220,10326,1290,8922"
944,944,"6971,8590,2140,5303,7138,2218,6220,10326,1290,8922"
951,951,"6971,2140,5303,2380,7138,8520,8421,5999,9799,8922"
974,974,"12606,9942,4946,1863,12775,3487,6220,3870,7792,11800"
1010,1010,"9306,13214,9771,5946,12871,7439,2149,165,383,7341"
1013,1013,"4413,5199,12026,6220,8922,7024,10835,3870,11403,2943"
1016,1016,"1937,6220,5303,3870,6971,4413,9886,9799,12026,10835"
1023,1023,"6971,5303,9799,6220,4413,8590,2140,8235,2218,2380"
1035,1035,"6971,8590,2140,5303,7138,2218,6220,10326,1290,8922"
1046,1046,"6971,8590,2140,5303,7138,2218,6220,10326,1290,8922"
1051,1051,"1290,7120,296,4929,12497,789,4576,10663,13309,3697"
1057,1057,"6971,8590,2140,5303,7138,2218,6220,10326,1290,8922"
1064,1064,"1290,4929,7120,12030,5135,6243,10663,4387,789,12497"
1080,1080,"6971,8590,2140,5303,7138,2218,6220,10326,1290,8922"
1089,1089,"6971,8590,2140,5303,7138,2218,6220,10326,1290,8922"
1090,1090,"8421,976,4277,10326,2140,4798,8562,12857,11843,5303"
1103,1103,"2140,6971,8421,7138,5303,10326,851,5999,9580,4277"
1123,1123,"1290,7120,10663,296,789,6243,4929,5135,12497,3697"
1134,1134,"8421,12779,12990,1328,4798,4025,13346,11993,4925,10326"
1136,1136,"3950,3870,5545,8421,6091,9455,1598,4602,10916,11843"
1139,1139,"6971,13296,9799,6220,4413,5303,1863,8922,6474,8703"
1154,1154,"6220,10326,12858,3428,8421,3870,5485,7707,1210,10063"
1169,1169,"6220,4413,5303,5545,3870,2218,7138,2140,5999,8562"
1173,1173,"6220,2140,7707,2218,5303,8590,5545,6971,13296,9799"
1178,1178,"2218,1478,8235,11540,4413,11772,5495,12606,8562,2140"
1190,1190,"5999,6971,2140,8235,9799,4798,12026,5303,8562,2380"
1205,1205,"6971,9799,2140,5303,5999,4413,5549,2380,6166,4101"
1217,1217,"1290,7120,10663,9962,4576,5135,12497,4929,2916,10607"
1218,1218,"1779,1290,89,5135,9962,2946,13301,5142,5128,4036"
1230,1230,"8235,6220,12026,6529,3909,5199,8922,10835,1100,13296"
1250,1250,"2140,5303,8421,10326,1180,8161,2169,7138,851,4798"
1252,1252,"8235,6220,6971,10835,1100,5199,3909,4413,8922,2380"
1276,1276,"6971,8590,10326,2140,5999,13296,8562,10835,9799,2380"
1279,1279,"1290,7120,789,5135,13309,9962,12497,12030,4929,296"
1281,1281,"3481,5020,12733,3960,10774,8401,13194,4957,2158,350"
1288,1288,"2140,6971,8421,13346,10835,10326,5495,275,4414,4243"
1305,1305,"7679,789,11298,6610,3222,10607,12995,5135,1779,8714"
1320,1320,"3950,4413,5999,8562,1598,13296,11540,3870,9799,6220"
1321,1321,"1937,6271,11622,8561,9786,9376,6816,10130,5580,3950"
1328,1328,"1937,4413,4637,3870,220,5022,6220,4602,3950,2497"
1343,1343,"8421,5303,6971,2140,9580,331,4798,851,6515,1180"
1345,1345,"7532,8161,5303,2140,2291,10594,4101,8413,3295,10340"
1374,1374,"1851,9962,4576,789,5135,7120,10336,6610,4664,11298"
1410,1410,"6971,1290,4929,10663,7120,8922,12497,12030,544,9962"
1414,1414,"4798,8421,2140,9580,5303,8161,1180,331,851,12857"
1420,1420,"2218,7707,2990,11540,8562,10241,6220,11403,12606,2380"
1440,1440,"1290,5149,6971,6166,4413,9799,4698,4266,8703,2020"
1441,1441,"11024,3487,1863,4576,10429,5135,1779,5962,1851,5976"
1443,1443,"11024,1290,7120,4576,10607,1851,5135,789,12903,11298"
1458,1458,"9962,13296,1290,10049,8590,10326,1017,12339,789,6433"
1492,1492,"6971,6220,9942,7707,931,8590,2218,13296,4388,10835"
1496,1496,"5303,6971,4798,8421,8590,2380,9799,5999,13296,9580"
1499,1499,"2140,8922,12026,13296,8235,8590,5303,2218,6971,10835"
1504,1504,"1290,10607,7120,11024,6610,789,296,11298,9962,5135"
1516,1516,"6971,8590,2140,5303,7138,2218,6220,10326,1290,8922"
1523,1523,"6971,8590,2140,5303,7138,2218,6220,10326,1290,8922"
1534,1534,"7220,10974,7721,9482,10919,6896,12227,1219,938,4609"
1539,1539,"2140,6220,2218,5303,5545,8421,10835,7138,3870,2380"
1559,1559,"6971,8590,2140,5303,7138,2218,6220,10326,1290,8922"
1572,1572,"8235,6220,4947,11403,12606,4413,11751,12575,5124,3870"
1573,1573,"8421,2140,851,9580,331,4277,5303,4798,6971,7138"
1601,1601,"3487,5061,1863,12606,779,10429,7619,6220,13436,2327"
1603,1603,"13346,2140,12967,2380,5610,2291,10340,2158,4798,8421"
1604,1604,"6971,8590,2140,5303,7138,2218,6220,10326,1290,8922"
1613,1613,"1290,7120,4576,5135,12497,2916,4929,10663,789,9962"
1634,1634,"8590,13296,1634,1328,4798,1426,10326,3950,976,4915"
1642,1642,"11540,2140,3950,10340,5999,8413,6326,10326,8421,5610"
1643,1643,"1290,7120,9962,5135,4111,12497,10663,296,4576,10607"
1654,1654,"8922,6971,8590,6220,13296,5303,2218,89,8562,6166"
1657,1657,"11024,1290,4576,10607,9962,1851,10137,7120,10389,296"
1674,1674,"6971,12026,13296,8922,6220,5199,1290,8590,89,5303"
1702,1702,"6220,2218,8421,3870,5303,8590,2140,13346,3950,7138"
1719,1719,"10352,6402,4256,1832,12507,4803,840,9966,8092,6011"
1725,1725,"2140,13346,8421,3950,6220,12793,3870,5545,2380,11540"
1726,1726,"6971,2140,5303,9799,5549,8590,8922,1290,12026,13296"
1728,1728,"8590,6220,2218,1290,6971,13296,544,8922,89,7138"
1735,1735,"6971,8590,2140,5303,7138,2218,6220,10326,1290,8922"
1739,1739,"1290,5135,7120,9962,789,11117,10663,4929,1977,6811"
1774,1774,"2140,8421,4277,5303,10326,6971,4798,9340,851,1776"
1780,1780,"10352,2925,11395,6952,12189,6383,11224,4072,2770,10386"
1799,1799,"6971,8590,2140,5303,7138,2218,6220,10326,1290,8922"
1813,1813,"2140,5303,8235,6971,8421,2218,9799,8562,8922,2380"
1834,1834,"8421,10326,12990,2140,4798,13296,12857,3950,6326,4277"
1835,1835,"2218,6220,5495,13310,5303,220,7138,12470,9072,2140"
1841,1841,"11024,6591,4163,8714,8635,789,12869,9156,12903,12096"
1863,1863,"3950,13346,5545,6220,8562,4414,11540,1598,1478,3428"
1878,1878,"6982,11622,12425,12946,11751,12575,5673,11795,9117,7899"
1879,1879,"7578,5999,3950,8235,6971,12026,2199,9799,2220,1100"
1910,1910,"1290,6971,7120,8922,10663,8590,6243,2140,5303,12497"
1911,1911,"2380,2218,6971,8562,2140,5303,12793,6515,12606,12026"
1919,1919,"6971,8590,2140,5303,7138,2218,6220,10326,1290,8922"
1925,1925,"1290,4664,10674,11298,4163,5135,4576,2989,10607,8714"
1926,1926,"9962,1290,10607,5135,11775,4576,7120,789,13309,12497"
1931,1931,"3960,3321,5105,2770,8093,5494,1126,9375,6060,8115"
1940,1940,"2140,4798,8421,5303,851,8161,9580,10326,1776,1180"
1968,1968,"2140,5303,6971,2380,4798,8421,2218,8590,7138,9799"
1981,1981,"6971,2140,10835,9799,7707,4413,3950,12793,2218,2380"
1992,1992,"6971,8590,2140,5303,7138,2218,6220,10326,1290,8922"
1998,1998,"5135,1290,9962,789,4576,13309,10607,7120,11775,3539"
2000,2000,"1290,7120,4929,10663,789,5135,9962,3697,6243,12497"
2017,2017,"8421,6971,5303,10326,9580,4277,1634,7138,4798,9880"
2036,2036,"8235,11622,12575,6982,5875,11751,10913,12594,11887,12425"
2044,2044,"4117,5482,2771,5999,1210,5532,3950,2218,10063,4053"
2047,2047,"5135,9962,789,1290,1779,8650,4576,10464,13309,4163"
2052,2052,"8590,350,8421,12758,4277,4344,9072,9340,10326,9580"
2055,2055,"2334,6060,10739,4569,8911,350,449,3269,5760,7698"
2069,2069,"6971,9229,2218,2440,9942,2140,275,4576,1558,7558"
2075,2075,"373,6220,8145,1157,12751,2249,13315,6138,6187,9942"
2089,2089,"8421,331,1180,851,1776,4798,8161,11843,10326,4277"
2093,2093,"6971,8590,2140,5303,7138,2218,6220,10326,1290,8922"
2127,2127,"9306,2140,7138,10462,2291,2149,7439,5303,13214,7063"
2135,2135,"6220,5545,3870,1598,6638,2218,5485,3428,89,2380"
2137,2137,"8235,11403,3909,12026,6529,10835,12944,8922,3055,12665"
2141,2141,"1863,10429,6220,9570,453,10835,12606,5036,7707,2218"
2147,2147,"6220,6971,1290,9942,8590,12606,13296,89,7120,2218"
2150,2150,"6971,8590,2140,5303,7138,2218,6220,10326,1290,8922"
2153,2153,"2140,8421,4798,5303,2380,10340,10326,9799,11282,6326"
2158,2158,"11024,4163,11775,10607,1779,2989,9962,4576,1851,4216"
2178,2178,"2218,6971,8235,10835,6166,8562,6220,5303,8922,7707"
2180,2180,"4007,2497,6220,1937,4876,3870,4118,7079,121,9786"
2181,2181,"9962,789,5135,10607,13309,11775,1290,3539,296,4163"
2193,2193,"11622,3950,4413,6982,11784,11751,2789,7723,12425,12579"
2216,2216,"8590,7707,2140,10326,2218,8421,11384,6971,4915,4277"
2224,2224,"6971,5303,4798,9799,8590,2140,5999,3055,4413,10835"
2231,2231,"3909,8235,8608,10835,6529,5866,12026,5532,2822,1100"
2242,2242,"6973,12070,9570,12937,4007,1552,2218,10820,2426,6220"
2243,2243,"6971,8590,2140,5303,7138,2218,6220,10326,1290,8922"
2247,2247,"6971,8590,2140,5303,7138,2218,6220,10326,1290,8922"
2262,2262,"1290,4576,9962,4664,10607,12497,11298,7120,11775,5135"
2271,2271,"2140,6971,5303,8922,12026,2380,13296,9799,8562,8421"
2284,2284,"3088,6971,6166,4101,8922,12426,8235,5303,11869,5549"
2287,2287,"6971,8590,1290,7138,2140,5303,2218,9962,6220,4576"
2291,2291,"2140,6971,5303,5999,4798,7138,9580,10326,8161,3950"
2293,2293,"1290,7120,789,5135,9962,13309,296,4929,2916,6971"
2294,2294,"5303,6971,9799,9668,2380,4101,4798,8590,8922,2291"
2301,2301,"6971,2140,5303,8922,9799,8590,9668,8235,2380,1912"
2310,2310,"6220,8590,13296,8922,3870,89,1598,4946,8235,3515"
2341,2341,"12026,2380,5303,4413,2140,6971,9799,13296,8235,8562"
2345,2345,"1851,11024,4576,9962,1290,4163,3238,5135,10607,2989"
2348,2348,"1290,7120,9962,4576,11298,10607,789,6610,5135,296"
2349,2349,"5999,4117,11712,2822,6971,7578,1100,2571,5532,4053"
2350,2350,"6971,8590,2140,5303,7138,2218,6220,10326,1290,8922"
2355,2355,"8421,4974,331,811,2411,11843,851,12689,4277,1180"
2383,2383,"4054,10352,8857,4803,3960,11590,12824,3359,8092,12191"
2393,2393,"2291,9306,9771,7439,2149,13214,10462,8402,5946,4262"
2399,2399,"6971,5303,2140,13296,6220,7120,8590,296,2380,2823"
2421,2421,"2343,5532,6220,3909,10063,4117,10835,5999,2537,4266"
2435,2435,"4413,4798,5303,9668,2373,6982,8703,2140,3106,11784"
2448,2448,"6971,8590,5303,8922,8235,9799,2140,12026,5549,13296"
2452,2452,"1290,9962,11775,7120,6971,4286,8590,789,5135,1400"
2464,2464,"4413,4117,3950,3870,12793,1478,10835,13296,8421,2822"
2470,2470,"8421,3950,5999,4798,1180,11282,11843,1996,10916,10326"
2478,2478,"6971,12026,3909,5303,10835,9799,8590,7578,13296,6529"
2506,2506,"4277,2140,8421,6971,5303,331,4798,10326,13296,7138"
2523,2523,"8235,2218,9454,12026,5303,2140,2380,7715,2265,4413"
2527,2527,"1290,7120,10663,5573,6243,12030,4929,13101,12497,4387"
2528,2528,"2140,6220,10326,8421,4277,13296,5303,3870,2218,5545"
2530,2530,"1328,5184,8421,3950,1859,4865,6326,4382,13346,8626"
2533,2533,"13310,5482,4414,64,758,8235,9365,13346,10835,4602"
2540,2540,"11622,6982,11751,12425,220,64,3950,5673,4602,2910"
2558,2558,"8235,7578,3950,10835,3340,5999,8413,3909,2199,6529"
2559,2559,"6220,9942,12606,2218,13296,1863,6591,4576,11024,89"
2592,2592,"13296,1290,6971,8590,8922,7707,2140,7120,544,10326"
2599,2599,"6971,5303,8590,2140,2218,2380,4798,8421,10326,9799"
2608,2608,"6220,9942,7707,3870,5545,4413,453,8177,2380,1598"
2613,2613,"5135,4163,1290,11298,9962,789,6811,4664,4576,10607"
2616,2616,"4413,11622,8562,11540,6982,11784,3950,7723,11751,8235"
2617,2617,"8703,7637,6971,9668,6166,4698,4101,9937,12030,5303"
2619,2619,"9799,6220,5303,6971,13296,2380,2789,8421,6166,4798"
2622,2622,"11024,5135,1290,789,13309,1779,4576,4929,7120,10607"
2629,2629,"2362,1180,1408,10721,8421,1957,9393,6092,13114,10594"
2648,2648,"12903,1851,789,1290,5135,7120,4929,9962,6610,10137"
2654,2654,"12632,7024,1863,4413,11622,2140,8235,12606,6220,10670"
2668,2668,"8703,589,2020,7637,9083,5976,1487,6893,1290,6456"
2703,2703,"6971,8590,2140,5303,7138,2218,6220,10326,1290,8922"
2710,2710,"8421,10326,4798,12857,12990,13296,1776,6925,6220,4277"
2713,2713,"5303,12026,8562,3950,6326,6971,8235,10340,2140,8413"
2722,2722,"5135,9962,7120,4929,12497,10663,789,2916,13309,3697"
2724,2724,"8590,1290,5135,2218,7120,6971,89,4576,13296,9962"
2727,2727,"2140,5303,6971,9799,2218,8922,6220,13296,6166,2380"
2755,2755,"4216,10997,3722,2140,3238,1558,12096,4664,6591,4163"
2769,2769,"2140,8590,5303,2218,7138,6971,8421,10326,275,8922"
2776,2776,"5999,6971,8590,4798,11357,5303,3950,5532,9799,4117"
2781,2781,"1290,10663,4929,7120,6243,12497,2916,12030,8567,9962"
2782,2782,"1290,10663,4929,7120,6243,12497,3697,9962,8567,5135"
2789,2789,"5999,10835,3950,5199,4199,4413,9799,3870,4117,8562"
2794,2794,"2140,8421,6515,5303,976,12793,2380,220,4413,6971"
2804,2804,"8235,11403,89,8922,2218,12606,6220,6971,3870,7707"
2819,2819,"6220,6971,2140,8922,544,5485,89,13296,4277,5545"
2846,2846,"1669,1863,1239,10090,4698,8981,5187,3088,8186,7637"
2851,2851,"6971,8590,2140,5303,7138,2218,6220,10326,1290,8922"
2861,2861,"2140,6971,5303,2218,6220,8421,9799,8590,2380,4798"
2862,2862,"1290,6971,8922,8590,7120,13296,6220,12030,1487,9799"
2867,2867,"2140,8421,2158,5303,7063,12990,1912,4798,2169,11843"
2873,2873,"2140,6971,5303,7138,4798,8922,2380,8590,10608,8421"
2880,2880,"6220,7707,13296,12606,4413,6971,9799,3870,9942,89"
2881,2881,"8421,12990,2140,12857,851,4798,11843,10326,10916,4277"
2886,2886,"6971,2140,5303,8590,8421,6220,10326,8922,4277,13296"
2891,2891,"6971,2140,5303,8590,8421,6220,7138,9799,4277,8562"
2908,2908,"9340,2140,8421,9580,5303,6971,7138,7063,275,716"
2910,2910,"6971,8590,2140,5303,7138,2218,6220,10326,1290,8922"
2915,2915,"10326,6971,10835,2140,5303,12026,8235,2218,8562,5999"
2935,2935,"6971,8922,8590,5303,9799,6166,1290,6220,2140,12026"
2946,2946,"1290,6971,5135,9962,13296,7120,3697,789,11117,10663"
2948,2948,"11024,4576,5135,9962,1779,1851,12497,1290,4929,7120"
2969,2969,"2218,4413,8413,10835,2380,2140,8235,10340,5545,12026"
2979,2979,"6971,8590,2140,5303,7138,2218,6220,10326,1290,8922"
3036,3036,"11334,11290,2710,10919,4619,5197,6248,6547,12316,1317"
3050,3050,"11326,2140,8421,11843,8483,12934,1537,3870,8161,4798"
3056,3056,"12824,8093,1377,10352,2164,11590,2356,5155,8092,4097"
3061,3061,"8421,4277,10326,12990,1776,12857,4798,9580,851,10916"
3066,3066,"6220,1290,6971,13296,8922,8590,7707,589,7706,1863"
3069,3069,"2140,5303,2291,10340,10326,9771,4798,11540,8421,12857"
3094,3094,"2140,6971,5303,4798,2380,9799,8421,8161,851,9580"
3106,3106,"6971,1290,8590,13296,2218,6220,8922,8235,89,7707"
3110,3110,"1290,7120,6971,4929,10663,12497,9962,8590,2916,5573"
3115,3115,"9970,2645,4053,5700,11406,6646,12575,9908,8279,13326"
3136,3136,"9799,2218,5303,13296,2380,12606,4413,3870,2140,5485"
3159,3159,"4832,8540,2334,449,7782,4063,11873,10891,8857,929"
3166,3166,"13296,4277,2140,8421,6220,10326,6971,544,5303,2218"
3172,3172,"1290,789,9962,7120,10607,5135,296,6971,89,4929"
3200,3200,"13296,3950,10326,5545,9600,8590,8421,13110,2218,4946"
3217,3217,"2140,11540,2380,10340,12632,5303,13381,1478,2218,13346"
3218,3218,"1290,8590,13296,12067,9962,4576,544,1079,89,12606"
3229,3229,"4798,4277,7343,13346,2158,3950,12990,2411,12689,649"
3230,3230,"5303,6971,2140,4576,1290,2218,8590,2989,275,9229"
3274,3274,"6971,2140,5303,7063,10326,2291,9580,7138,8421,8590"
3285,3285,"8421,4798,2140,10326,1776,331,851,4277,2380,5303"
3316,3316,"4413,6220,9799,8562,7707,3870,9729,5545,2380,8235"
3319,3319,"8421,1776,331,1180,851,4798,11843,4277,10326,12857"
3323,3323,"6971,8590,2140,5303,7138,2218,6220,10326,1290,8922"
3346,3346,"2140,6971,5303,560,7063,2218,544,10608,275,7707"
3354,3354,"6641,5022,13296,4946,6220,4876,9553,10835,9942,8681"
3368,3368,"12990,8421,12857,10326,2990,9580,10138,6326,4798,2199"
3374,3374,"9942,12606,7792,89,1863,836,13296,7471,7071,6591"
3391,3391,"2411,4798,13296,1328,10326,5420,717,4025,5406,8343"
3397,3397,"8235,2380,6220,2218,9799,4413,12026,10835,3870,8562"
3404,3404,"1290,6971,8590,10429,13296,8922,7707,6220,7120,4576"
3408,3408,"6971,2140,5303,8590,8922,1290,2218,7138,10326,9229"
3416,3416,"6971,5532,11289,4388,2343,6220,2140,8590,13296,5199"
3422,3422,"8590,13296,6971,8703,9799,1290,7637,9668,10241,1863"
3423,3423,"7707,13296,2140,8562,9799,2218,4413,5303,6220,6971"
3426,3426,"6971,9799,5303,6166,9668,8922,4798,2140,2380,4413"
3436,3436,"8235,13296,2218,12606,6220,10835,8590,3870,4413,2140"
3448,3448,"6220,5303,6971,8590,8421,2218,560,2140,13296,5545"
3464,3464,"8421,1323,6220,11540,5545,6925,13110,4414,5177,1331"
3472,3472,"1290,9942,7120,1863,296,10607,6220,7471,89,13296"
3477,3477,"6220,5303,4414,13296,5545,8562,1598,3870,9942,7986"
3488,3488,"2140,8421,5303,7138,1912,3950,10326,4798,220,4277"
3497,3497,"6971,8590,2140,5303,7138,6220,2218,8421,10326,8922"
3504,3504,"1290,5135,7120,13309,9962,789,12497,5573,1977,12030"
3517,3517,"2140,8421,5303,12857,13346,11843,10916,4798,12793,7138"
3538,3538,"2291,2140,5303,8161,8421,851,9771,11282,2264,9580"
3544,3544,"11468,6220,12995,12163,121,4946,5128,542,89,8334"
3547,3547,"4924,8421,13257,11540,4915,4615,2218,7138,11010,3950"
3569,3569,"5303,2140,6971,8590,10835,2218,6220,8421,2380,7138"
3570,3570,"1328,350,2467,9180,4661,5020,12108,6391,2506,10894"
3575,3575,"1290,4576,8590,6220,9962,9942,544,11775,2989,6971"
3579,3579,"6971,8590,2140,5303,7138,2218,6220,10326,1290,8922"
3588,3588,"1290,4929,7120,10663,789,296,6243,5135,7935,9405"
3592,3592,"6971,8590,2140,5303,7138,2218,6220,10326,1290,8922"
3617,3617,"6971,5303,2140,8421,4798,6515,10326,851,2380,9580"
3632,3632,"8235,7024,11403,9799,10835,5875,7715,3870,12944,7723"
3650,3650,"7383,3049,13079,10122,5594,278,1558,3641,2065,12984"
3654,3654,"6971,5303,2140,10326,8421,8590,2380,2218,4277,7138"
3656,3656,"6971,8590,2140,5303,7138,2218,6220,10326,1290,8922"
3678,3678,"11024,7255,6220,12085,13296,275,13363,9962,7749,1779"
3681,3681,"9516,10974,9165,6640,9482,12424,4029,9375,3960,6952"
3683,3683,"8421,2140,5303,4798,851,4277,6971,1776,331,11843"
3685,3685,"8421,10326,5303,8590,9135,2140,12404,4798,2337,1912"
3699,3699,"7679,2769,5105,1213,11660,9375,3674,6082,5760,5494"
3707,3707,"1863,1290,10429,7120,3487,12606,5976,3122,2327,10607"
3731,3731,"6971,8590,2140,5303,7138,2218,6220,10326,1290,8922"
3737,3737,"4798,3950,8421,8161,6326,5303,8562,2199,12990,1180"
3739,3739,"7707,4413,1863,9570,10820,7792,9942,11869,12775,6220"
3744,3744,"3950,2789,11784,3340,4117,3055,8235,5999,1100,454"
3753,3753,"4798,8421,5303,2140,10326,2158,12857,851,11843,1634"
3778,3778,"5303,4798,2140,8421,220,5999,9580,3577,2905,1180"
3786,3786,"2218,2140,6220,10835,8235,3870,8562,5495,3950,13296"
3790,3790,"6971,8590,2140,5303,7138,2218,6220,10326,1290,8922"
3804,3804,"8421,7138,10326,8590,1210,350,6220,2218,4277,12779"
3805,3805,"6971,2140,5303,7138,2380,2291,4277,8421,10608,10326"
3819,3819,"6220,12026,2218,5545,5485,6638,10326,8421,1220,13296"
3827,3827,"6971,8590,2140,5303,7138,2218,6220,10326,1290,8922"
3829,3829,"8421,4798,331,5303,851,1180,9580,1776,10326,8161"
3841,3841,"7633,3022,10122,1441,4838,64,652,12322,7383,7922"
3849,3849,"789,5135,1290,9962,13309,4664,10607,11298,6610,10336"
3928,3928,"1290,789,7120,5135,13309,9962,4664,4576,296,2916"
3988,3988,"6971,8590,2140,5303,7138,2218,6220,10326,1290,8922"
3994,3994,"6220,5545,2218,3870,4414,11800,3428,13110,64,2140"
3998,3998,"4413,3950,11289,3870,11622,13110,11772,5545,4199,6982"
4012,4012,"10924,9786,13381,11622,11540,13346,8413,10340,2038,4947"
4021,4021,"5303,2140,2291,6971,6515,4101,8421,1662,7439,8161"
4022,4022,"2140,4277,12990,6971,5303,1634,8562,8590,4865,2380"
4047,4047,"8703,9799,4698,9668,5149,2020,6166,12663,2373,6474"
4073,4073,"4798,2140,6971,8161,9580,8421,5303,851,2905,4277"
4099,4099,"6971,5303,2140,8590,8421,6220,9799,2380,1290,4798"
4100,4100,"8703,7344,7723,5549,10332,7637,12104,8472,9668,6166"
4120,4120,"6971,8590,2140,5303,7138,2218,6220,10326,1290,8922"
4126,4126,"1290,789,7120,5135,13309,296,4929,10663,3697,10607"
4136,4136,"5303,8235,6971,2140,9799,8472,9668,5966,8703,6166"
4160,4160,"4163,5135,9962,2957,1851,789,83,1290,10336,4664"
4173,4173,"3950,8235,8590,11622,13296,11289,4798,6971,2140,12793"
4177,4177,"6971,8590,2140,5303,7138,2218,6220,10326,1290,8922"
4183,4183,"8421,331,1180,4798,851,4277,9580,12990,8161,10916"
4191,4191,"6971,8590,2140,5303,7138,2218,6220,10326,1290,8922"
4195,4195,"8421,4798,2140,1996,11843,12793,5303,4974,3870,2580"
4213,4213,"6971,5303,8590,8235,7138,10835,2140,6220,8421,2380"
4226,4226,"6220,8590,5545,2218,6971,13296,3870,5303,10835,2343"
4227,4227,"11024,1290,789,10607,1779,10137,7120,8714,4929,11775"
4232,4232,"3950,5999,11622,10835,9786,13346,220,10340,1996,4117"
4255,4255,"2140,8421,5303,4277,12990,9580,10326,11843,331,12857"
4258,4258,"6971,8590,2140,5303,7138,2218,6220,10326,1290,8922"
4274,4274,"1328,8421,350,8590,12191,1377,11590,2164,4861,4025"
4289,4289,"1290,7120,12497,4929,10663,10429,3487,6971,1863,296"
4295,4295,"6220,8421,2218,2140,9799,8562,5303,5545,13296,4277"
4300,4300,"6220,5303,9799,4413,8590,8421,3870,2218,2140,13296"
4334,4334,"4915,5495,1426,1210,7705,976,3870,3950,2218,4946"
4361,4361,"8562,12026,2199,8235,3950,11784,8413,11540,4413,10835"
4377,4377,"3950,11622,220,5999,11784,1996,3317,4117,2140,4199"
4412,4412,"1290,10663,4929,7120,9962,6243,5135,2916,12497,789"
4415,4415,"6971,8590,2140,5303,7138,2218,6220,10326,1290,8922"
4424,4424,"5303,10589,2291,8590,2140,8053,4101,3064,9799,2300"
4425,4425,"4798,8421,12990,10326,4277,331,1180,12779,10594,9580"
4430,4430,"2140,10326,8421,6971,13296,5303,12990,1634,2218,8562"
4433,4433,"2140,8421,2380,10326,5303,13346,4865,6971,851,4798"
4436,4436,"5155,10950,2384,1030,4054,10352,7224,9504,12257,6383"
4458,4458,"8421,4277,2140,12990,9580,5303,4798,331,10326,11384"
4461,4461,"6971,8590,2140,5303,7138,2218,6220,10326,1290,8922"
4488,4488,"6971,8590,2140,5303,7138,2218,6220,10326,1290,8922"
4497,4497,"9306,2140,2291,7063,5303,6971,7138,8590,8922,7383"
4498,4498,"2140,5303,2218,560,8421,13296,8590,9942,2380,5545"
4504,4504,"1530,12632,6414,4398,380,11622,10410,12575,9786,64"
4510,4510,"1290,6971,6220,7120,13296,2916,8590,10663,8922,12497"
4512,4512,"9375,2769,6060,5105,6082,9516,2920,3960,5760,899"
4513,4513,"2218,1323,8421,3870,2140,6220,12404,5303,9340,714"
4516,4516,"1290,789,7120,5135,4929,10607,11024,9962,10663,296"
4526,4526,"6220,4413,5303,5545,2218,3870,8590,2140,1598,7138"
4528,4528,"2140,6971,4413,5303,9799,11540,2218,5999,10326,3950"
4542,4542,"3950,9443,8421,4798,11784,2411,9449,2140,4277,454"
4559,4559,"1290,9962,5135,7120,11775,789,6811,3539,4036,5142"
4572,4572,"12632,2140,11622,2990,10241,9799,2199,2380,13296,6982"
4575,4575,"2140,5303,2380,8562,2218,11540,8421,11843,3950,9799"
4583,4583,"8421,4798,2140,10326,851,11843,10138,837,1180,12990"
4602,4602,"6971,5303,2140,8590,7138,10326,8922,8421,2380,2218"
4608,4608,"1290,10607,7120,789,296,11298,9962,6610,5135,3427"
4609,4609,"5495,2218,3870,12606,4915,1079,714,3428,5482,1426"
4626,4626,"6220,8562,3870,5545,8235,2380,3950,1598,6529,10835"
4642,4642,"2140,4117,6971,3870,6220,13296,5303,3950,10835,11289"
4653,4653,"6971,8922,8235,8590,12026,3909,13296,9799,6220,5303"
4664,4664,"1290,10663,7120,4929,789,11024,4036,9962,5135,6243"
4665,4665,"1290,7120,4929,5573,6243,10663,12030,4387,2916,12497"
4672,4672,"1290,9962,7120,10663,5135,789,4929,10607,2916,4576"
4680,4680,"6971,8590,2140,5303,7138,2218,6220,10326,1290,8922"
4705,4705,"4798,5999,10835,2140,6971,4413,3950,10340,5303,9799"
4707,4707,"8590,6971,1290,4929,8922,7138,7120,5303,13309,9693"
4711,4711,"6971,8590,2140,5303,7138,2218,6220,10326,1290,8922"
4732,4732,"6971,8590,2140,5303,7138,2218,6220,10326,1290,8922"
4734,4734,"1290,2916,7120,10663,10607,13309,12497,3697,5135,6243"
4735,4735,"1290,4929,7120,10663,8981,5149,12497,8703,6243,5962"
4749,4749,"6220,12606,7707,8922,6971,7619,10429,89,5545,1863"
4751,4751,"5999,8235,1100,2789,10835,4413,5199,2140,3055,5303"
4762,4762,"6529,3909,8922,10835,2789,5199,9886,4413,7578,2567"
4767,4767,"8703,7637,4698,5149,9799,2020,6166,5549,8981,1487"
4771,4771,"6220,5303,8562,2218,2140,8421,6971,7707,10835,1598"
4773,4773,"2140,7138,2218,6971,5303,976,275,8235,8562,11540"
4776,4776,"7637,8703,2020,12663,1487,5966,9083,9668,8922,4083"
4783,4783,"6220,5545,13296,8590,9072,8421,10326,1598,6925,9942"
4788,4788,"5999,5303,9799,4413,2140,6166,11540,10340,2199,11396"
4808,4808,"13257,220,2362,7717,6134,10950,6312,13251,1408,10721"
4810,4810,"3950,6220,5303,5545,7707,6971,8421,13296,5999,4277"
4818,4818,"8421,11540,2199,3950,8562,2990,5303,4798,11396,6515"
4823,4823,"1290,10607,1863,12606,4576,1244,779,7120,296,4036"
4829,4829,"3870,3428,64,1323,8681,9553,13110,3950,714,8562"
4842,4842,"7707,9799,5999,6220,10835,13296,3870,2990,10241,6971"
4859,4859,"3950,5999,5545,8421,6220,4798,4117,6326,13296,2140"
4866,4866,"6971,8590,2140,5303,7138,2218,6220,10326,1290,8922"
4881,4881,"6220,7707,9942,13296,4277,2343,2218,3870,12606,8590"
4908,4908,"8703,1863,1290,7706,3122,1487,12606,3088,589,2373"
4910,4910,"789,13309,1290,9962,2916,7817,12497,9866,296,83"
4922,4922,"2140,6971,5303,7138,2218,2380,9799,10326,11540,4798"
4942,4942,"1290,1558,11298,7679,10607,8342,10674,9962,7120,579"
4976,4976,"2380,2140,2990,6220,2199,5303,9799,13346,5485,13296"
4993,4993,"6971,8590,2140,5303,7138,2218,6220,10326,1290,8922"
4995,4995,"2140,5303,6971,8421,8590,4277,6220,9580,9799,4798"
5020,5020,"5105,2769,6402,6011,6201,4256,10441,449,5760,1141"
5040,5040,"2140,2218,6971,5303,9799,2380,8562,10835,10326,4413"
5048,5048,"2140,37,9306,5303,5819,7383,2291,2158,12990,5731"
5058,5058,"2343,5532,4388,6220,9693,13296,10063,2537,10835,4117"
5067,5067,"6971,8590,2140,5303,7138,2218,6220,10326,1290,8922"
5087,5087,"5999,6971,2140,5303,9799,4798,4117,11357,4053,4413"
5090,5090,"12606,7024,7489,5875,5524,515,11403,5055,2301,89"
5102,5102,"2218,5303,2140,8235,6220,10835,2380,6638,8413,6971"
5103,5103,"4413,9799,5303,2218,4414,63,11326,3870,2380,2140"
5105,5105,"3487,1863,5976,1290,10429,7706,5149,8981,2020,13436"
5108,5108,"2140,5303,6971,5999,976,2380,7138,13346,1912,8421"
5119,5119,"13296,8590,7707,544,12606,6971,7983,5482,2218,11024"
5120,5120,"1290,11024,7679,4576,11298,7120,10607,10663,9962,2870"
5124,5124,"2291,2140,7063,2264,13214,5303,8161,9771,7138,851"
5132,5132,"8562,7578,976,4924,3340,5999,2220,4413,12579,11540"
5138,5138,"4277,2158,8421,2140,9340,7138,350,9328,2411,2218"
5144,5144,"8421,12990,4694,4025,4277,12404,11384,10326,9340,9234"
5159,5159,"8421,4798,6971,8590,9580,5303,851,2140,4277,10326"
5167,5167,"8590,2218,6220,10835,8235,13296,7983,4266,3870,11289"
5175,5175,"8421,350,12990,10326,4277,4798,2169,4025,2158,8590"
5176,5176,"1290,7120,8284,10607,4218,7679,789,969,12903,11298"
5185,5185,"3950,3870,8235,4602,1598,2789,5199,5545,1100,12026"
5189,5189,"2140,8922,13381,11784,11540,6971,10326,8235,4332,2990"
5191,5191,"4413,8235,2218,5303,3870,9799,6220,7024,10835,2380"
5206,5206,"6166,9799,11126,8703,9668,3088,7707,4430,11844,3138"
5213,5213,"2140,275,7063,9340,2158,7138,8421,12404,7383,716"
5224,5224,"2158,220,10326,2140,811,6220,9340,350,275,652"
5226,5226,"6971,8590,2140,5303,7138,2218,6220,10326,1290,8922"
5241,5241,"1290,7120,10663,4929,9962,12497,789,2916,5135,6243"
5264,5264,"11298,4576,6610,4664,8714,7679,3998,11024,12096,3238"
5268,5268,"2140,5303,4798,8421,8590,6971,9580,8161,851,11282"
5270,5270,"5303,2140,6971,8421,10326,8590,2218,2380,275,9799"
5287,5287,"6971,8590,2140,5303,7138,2218,6220,10326,1290,8922"
5314,5314,"8703,9668,7637,5549,12104,9799,5303,5517,4413,2373"
5318,5318,"1290,7120,4929,10663,6243,12497,789,3697,5135,9962"
5326,5326,"6971,6166,5303,9799,8922,7637,8703,9668,8590,5149"
5336,5336,"6971,8590,2140,5303,7138,2218,6220,10326,1290,8922"
5343,5343,"5135,9962,4163,789,6811,1290,2957,10336,4216,10674"
5347,5347,"12606,3870,6220,9600,7707,1598,5545,4413,4946,13296"
5354,5354,"4798,12990,12779,8421,3950,1996,13346,10326,811,11384"
5356,5356,"7707,3870,2218,1598,8562,3950,8235,6220,4413,10835"
5367,5367,"1290,7120,5135,2916,296,12497,13309,10663,789,3697"
5373,5373,"8235,2990,5999,5124,6971,8562,5199,3950,2199,9799"
5385,5385,"8590,7983,6220,13296,7707,544,7138,13249,5545,1210"
5458,5458,"2218,5495,13346,3428,3870,5866,7558,12779,9942,13310"
5463,5463,"2140,5303,6971,2380,4101,9668,9580,10241,8421,10326"
5471,5471,"1290,9295,5135,9962,789,2916,13309,10663,3697,10336"
5476,5476,"5303,2140,8922,12026,9799,8590,2380,2218,6166,4101"
5484,5484,"3950,8413,2140,2199,11540,7578,10340,13346,2380,4947"
5508,5508,"789,11024,5135,1290,7120,10607,13309,9962,1851,12903"
5513,5513,"6220,3870,8562,2140,2218,6971,7707,5545,7138,5303"
5520,5520,"8421,331,4277,4798,851,5303,1776,11843,10326,9580"
5524,5524,"6971,6220,89,2218,4946,9942,3428,3870,4413,12606"
5539,5539,"8235,8562,1742,3055,4413,3950,2789,5199,931,7707"
5554,5554,"220,2789,8421,1912,2905,2567,6515,7138,5489,11843"
5564,5564,"2140,10326,6971,8421,5303,8590,9229,8922,1634,2218"
5595,5595,"2140,8590,6971,5303,2291,976,11384,4798,10326,7578"
5601,5601,"383,2291,5946,9306,9771,7439,13214,165,362,4877"
5602,5602,"6515,8161,8421,1180,9580,6326,10916,5303,10326,8562"
5618,5618,"6971,8590,2140,5303,7138,2218,6220,10326,1290,8922"
5643,5643,"8235,6971,5875,8922,7024,5303,8703,6166,7715,9799"
5644,5644,"5303,4413,3950,2140,5999,10340,3870,6971,2218,2380"
5651,5651,"6971,8590,2140,5303,7138,2218,6220,10326,1290,8922"
5655,5655,"64,1254,8681,2559,12993,3428,12725,11414,7792,11326"
5658,5658,"4798,11282,9580,8421,5999,5303,10326,1180,331,8161"
5660,5660,"2140,13296,6971,6220,4277,2218,8590,5303,1290,10326"
5662,5662,"6971,8590,2140,5303,7138,2218,6220,10326,1290,8922"
5670,5670,"2218,4798,11384,5303,10594,12779,2071,3295,13346,8421"
5676,5676,"4163,3238,789,9962,1851,2957,4216,10674,10336,1290"
5680,5680,"9799,5303,2380,11751,11784,1478,11540,11622,2140,8235"
5698,5698,"7679,4388,2343,341,6220,12858,12096,9231,3509,1290"
5710,5710,"5999,6971,8590,11357,4117,10835,2822,5532,5303,1408"
5723,5723,"11024,4576,1290,10607,10389,6610,7120,10137,11298,8714"
5742,5742,"6971,8590,2140,5303,7138,2218,6220,10326,1290,8922"
5748,5748,"8590,7138,6971,10326,5303,8421,6220,2140,275,12026"
5750,5750,"8235,7578,6971,2199,6166,12026,9799,4413,5339,9668"
5787,5787,"3950,11622,9908,3799,7899,3317,13346,5964,5700,4117"
5798,5798,"2140,5303,2218,2380,13346,9799,10340,8235,2199,8413"
5799,5799,"2291,9771,7439,9306,383,5946,165,2264,4877,10462"
5815,5815,"6971,8590,2140,5303,7138,2218,6220,10326,1290,8922"
5822,5822,"2218,5303,2140,6220,10835,1912,7138,8562,6971,8922"
5834,5834,"6971,976,5303,8235,7138,2140,6166,9799,2220,5549"
5846,5846,"6971,8590,2140,5303,7138,2218,6220,10326,1290,8922"
5858,5858,"5999,4798,3950,2140,1408,11540,10326,4322,8421,12990"
5882,5882,"8421,2140,5303,4798,8590,13296,4277,2380,2218,9799"
5892,5892,"11784,11622,8413,3340,8235,2199,12026,11540,9443,7578"
5897,5897,"976,5303,6971,2140,5549,11540,3295,4798,7138,2380"
5898,5898,"11326,5022,5839,11414,12594,12425,11622,9226,5668,388"
5902,5902,"6971,8590,2140,5303,7138,2218,6220,10326,1290,8922"
5919,5919,"1290,8590,6971,7120,13309,4929,6220,9962,5303,296"
5934,5934,"2140,8421,2218,10326,11384,12990,3950,5303,2158,7138"
5946,5946,"1290,4929,8590,11024,7120,10663,789,544,8922,12869"
5965,5965,"6971,8922,1290,2140,5999,5303,5199,4277,12026,4798"
5995,5995,"6220,6971,8421,10326,13296,4277,2140,5303,9942,5545"
6005,6005,"6971,8590,5303,8421,2140,9580,4798,331,2218,6220"
6006,6006,"4413,7707,8235,7723,6220,1598,12944,4430,2199,3888"
6013,6013,"851,1180,4798,8161,2140,331,11843,5303,1776,10326"
6016,6016,"4413,11540,220,8421,13346,11784,4798,8562,3950,1478"
6023,6023,"7120,10663,6243,12497,3697,5573,13309,8567,4387,5135"
6052,6052,"3950,1598,3870,4413,8562,5199,9799,5545,4199,13296"
6056,6056,"10835,6971,5999,4117,5199,1100,3909,12026,8235,4413"
6059,6059,"8421,2140,10326,12990,5303,4798,6326,2169,10916,2218"
6064,6064,"6220,10835,1100,9799,4413,12026,8235,13296,3950,8562"
6091,6091,"8590,6220,2218,13296,6971,5999,8235,10835,11403,3950"
6112,6112,"7120,9962,10663,5135,6243,789,13309,2916,12497,13101"
6133,6133,"6971,8590,5303,2140,2218,7138,8922,10835,8235,5999"
6150,6150,"2140,5303,4101,4798,3295,4915,9306,1634,7439,8593"
6155,6155,"6971,8590,2140,5303,7138,2218,6220,10326,1290,8922"
6157,6157,"5303,2140,4798,8421,12990,1634,6971,4101,10326,8161"
6212,6212,"4985,12575,9570,13398,7922,7257,7024,9801,11541,8373"
6218,6218,"8421,1328,4798,4025,13300,12990,811,2411,10916,10326"
6242,6242,"6971,8590,2140,5303,7138,2218,6220,10326,1290,8922"
6243,6243,"2140,8421,7138,9340,11384,220,10326,4243,7063,350"
6260,6260,"6971,1290,8922,8590,9799,5303,2140,4929,6166,9668"
6262,6262,"5999,6971,2140,8562,5303,976,8421,7138,9580,7578"
6278,6278,"2140,5303,2218,6971,2380,13296,8922,6220,8562,10326"
6280,6280,"3950,8421,2140,10326,1634,5303,2199,11540,6971,4798"
6287,6287,"6971,8590,2140,5303,7138,2218,6220,10326,1290,8922"
6305,6305,"6971,2140,5303,8590,7138,2218,8421,976,8922,9799"
6320,6320,"1290,6971,4929,7120,8922,10663,6243,5303,8590,12030"
6339,6339,"6220,8235,10835,2218,9942,3870,5545,8590,1598,7024"
6360,6360,"6220,13296,5303,8421,8590,10326,2218,2140,2380,5485"
6370,6370,"6220,4277,6971,5303,8421,4414,2140,3870,5545,13296"
6376,6376,"8421,12857,10326,2140,11843,13346,4277,2158,4798,5303"
6378,6378,"8703,5303,7637,9799,6971,9668,8235,8922,8590,5966"
6379,6379,"5303,6971,8421,2140,2380,4798,331,11843,10340,1776"
6398,6398,"6971,8590,2140,5303,7138,2218,6220,10326,1290,8922"
6422,6422,"6971,8590,2140,5303,7138,2218,6220,10326,1290,8922"
6424,6424,"6971,8590,2140,5303,7138,2218,6220,10326,1290,8922"
6436,6436,"6169,7325,2123,10283,1636,4029,3635,6640,10707,12397"
6454,6454,"8608,2343,5532,7964,6220,9693,3909,6971,6834,8922"
6464,6464,"8421,12990,10326,2140,11384,2158,11843,3950,5177,837"
6479,6479,"3950,4199,12946,11622,8156,1996,1408,5592,997,4118"
6485,6485,"8703,7637,3122,5962,2058,10332,4205,1487,3088,6900"
6488,6488,"6971,8590,2140,5303,7138,2218,6220,10326,1290,8922"
6490,6490,"6971,1290,12030,12497,2140,2916,6243,10663,7120,8922"
6498,6498,"10326,2140,2158,4277,4322,331,8590,6220,10138,4798"
6533,6533,"5303,2140,6971,7138,2218,8421,8590,7063,4798,6220"
6577,6577,"3950,5999,4798,2140,5303,4413,8421,7138,454,12793"
6579,6579,"8421,4277,851,331,4798,12990,1776,8161,5303,2140"
6583,6583,"6220,6971,7707,8590,2218,5303,2140,5545,13296,8922"
6597,6597,"6971,5303,2380,4798,8421,9799,6515,9580,8590,2218"
6599,6599,"6971,8590,2140,5303,7138,2218,6220,10326,1290,8922"
6607,6607,"4413,2140,8562,5303,9799,2380,2218,3870,6220,5199"
6613,6613,"3950,5545,8413,3055,3340,5999,10063,7578,12026,13346"
6622,6622,"3870,8590,6220,3950,2218,5303,2140,8421,8562,5999"
6637,6637,"5592,11622,7723,7303,4199,6154,11784,12425,13197,10082"
6644,6644,"2158,12990,331,851,9580,4277,1180,11843,10326,10916"
6651,6651,"11024,1290,4929,7120,10663,5135,789,1779,10607,2916"
6674,6674,"12026,6529,2140,3950,10835,13346,5199,6971,5999,8562"
6683,6683,"6971,5303,8590,8922,1290,2140,7138,6243,4101,9580"
6686,6686,"6971,8590,2140,5303,7138,2218,6220,10326,1290,8922"
6707,6707,"6971,6220,1100,13296,5303,5999,4199,4798,3950,9799"
6724,6724,"3487,12606,9730,4576,11024,779,1290,8714,4036,11775"
6729,6729,"6220,9942,8590,544,2218,13296,12606,10326,2140,6971"
6739,6739,"6971,8590,2140,5303,7138,2218,6220,10326,1290,8922"
6756,6756,"2140,5303,4798,8421,9580,6971,13346,11384,2218,6515"
6764,6764,"5303,2140,7138,8421,2218,6971,8590,10326,7063,2380"
6768,6768,"4414,8590,10431,6220,9072,8421,811,9455,714,3870"
6787,6787,"6971,976,5303,8235,2140,7138,2220,6166,8590,9799"
6808,6808,"11024,4576,5135,7120,10663,4036,9348,12497,4929,1779"
6811,6811,"6971,8590,2140,5303,7138,2218,6220,10326,1290,8922"
6812,6812,"8421,13296,2380,3870,6925,5485,3950,6107,13346,6326"
6831,6831,"9799,2140,5303,4413,6342,2380,7715,1290,9668,13296"
6833,6833,"6971,5303,9799,2140,4413,2380,8235,3055,4798,6166"
6840,6840,"2291,5303,2140,9306,8922,4877,7439,4101,12026,9580"
6842,6842,"1290,7120,10663,10607,296,12497,9962,11298,13309,3697"
6855,6855,"1290,10607,7120,11024,6610,11298,4576,2916,10663,5135"
6869,6869,"8421,2140,5303,10326,11843,6971,851,2380,9580,4798"
6874,6874,"6971,1290,89,4929,7120,789,8922,296,6243,10663"
6879,6879,"6187,3057,5651,9942,11195,677,121,5184,10835,332"
6885,6885,"2140,976,7138,8421,4315,10594,11871,220,851,8590"
6886,6886,"5303,2140,6971,8590,2218,8421,7138,2380,10326,4798"
6902,6902,"10326,4277,12990,12857,4865,4798,717,11843,1776,13296"
6908,6908,"1290,9962,5135,7120,789,10663,12497,10336,4929,13309"
6911,6911,"6971,8590,2343,2140,5303,6220,8922,4277,1290,4388"
6912,6912,"9942,3950,4602,6091,2411,9443,931,12635,5545,4243"
6919,6919,"1290,11024,4576,9962,5135,10607,11298,2989,4036,7120"
6926,6926,"275,12552,12392,1331,590,2000,4925,9473,10548,4853"
6934,6934,"4798,3950,5177,8421,8562,12990,10594,11540,11384,11871"
6935,6935,"8421,2218,10326,4277,7138,9340,4025,2140,12404,4694"
6939,6939,"5303,8590,9799,8235,6220,89,6971,8922,7715,2218"
7000,7000,"6971,8590,2140,5303,7138,2218,6220,10326,1290,8922"
7003,7003,"6971,8590,2140,5303,7138,2218,6220,10326,1290,8922"
7005,7005,"8421,4277,2140,10326,6971,331,1776,12990,6220,13296"
7042,7042,"10340,4798,8421,2140,8161,1180,5303,13346,1408,8483"
7045,7045,"5303,6971,3950,7578,5999,8590,5532,8562,9580,1634"
7047,7047,"10429,1863,1487,13436,1290,6971,6166,8703,5962,4576"
7053,7053,"7792,11103,12606,3487,7725,12744,1291,2327,8256,1863"
7063,7063,"2905,11726,7899,11590,11572,1377,12824,1788,4229,220"
7067,7067,"8421,331,10326,4798,9580,6971,5303,4277,8590,6220"
7071,7071,"12857,4798,8421,851,11843,12990,2140,10326,5303,10916"
7078,7078,"275,5731,6971,7063,2140,10326,9340,13346,9422,7383"
7109,7109,"5303,2140,7138,6971,8922,6166,4101,2380,8421,2218"
7118,7118,"6971,5303,9799,8590,2140,6166,7138,8922,2218,4101"
7129,7129,"1290,10607,7120,10663,11298,4036,12497,2916,3697,296"
7133,7133,"2218,2140,12404,5303,9340,5545,9942,10835,6971,13346"
7139,7139,"275,2218,2140,7138,6971,976,8590,8593,5303,9771"
7142,7142,"6971,8590,2140,5303,7138,2218,6220,10326,1290,8922"
7146,7146,"2140,5999,13296,6971,8922,5532,12026,3950,6220,6326"
7172,7172,"8421,4798,2140,4277,331,851,12990,9580,3950,11843"
7181,7181,"4413,6220,6971,5545,9799,5303,5999,10835,3950,3870"
7195,7195,"851,331,2140,4798,9580,5303,1776,6971,1180,11843"
7197,7197,"12404,1323,7388,7484,37,1746,5545,5177,10916,10270"
7203,7203,"1290,9962,789,7120,10607,5135,4929,296,11775,10663"
7223,7223,"3950,5999,5303,8421,6971,8590,4798,8562,10326,9799"
7235,7235,"8589,12903,1851,8810,3427,10833,8560,789,11024,9732"
7236,7236,"2140,5303,6971,8421,2380,851,11843,9580,2218,10326"
7237,7237,"1290,6971,7120,8590,12030,5303,8922,9799,5573,11117"
7255,7255,"1290,6971,7120,4929,2140,789,10663,12030,5303,8590"
7297,7297,"6220,2140,5545,3950,2380,6971,10835,12026,5485,1598"
7320,7320,"4798,2140,5303,6971,5999,10326,9799,8421,3950,9968"
7323,7323,"64,11800,9942,12606,10835,5495,8235,3428,1254,10986"
7326,7326,"2140,11751,5303,4413,4798,6982,2380,8421,220,9799"
7343,7343,"2140,8421,5303,12857,2158,4277,10326,4798,8590,7138"
7363,7363,"13296,6971,6220,4413,12026,9799,3950,7707,2140,5999"
7364,7364,"8235,9668,6166,8703,8922,4413,4698,6971,12331,9799"
7366,7366,"64,220,3870,6220,11800,8681,13310,5495,4602,1286"
7372,7372,"5303,4413,2140,9799,8235,5999,6971,4798,2380,2789"
7399,7399,"6971,5303,2140,9799,8922,5549,8235,10608,2380,4413"
7402,7402,"6971,8590,2140,5303,7138,2218,6220,10326,1290,8922"
7406,7406,"9799,6971,5303,8590,6220,2140,8922,8235,4413,13296"
7421,7421,"2199,3950,6395,1598,5124,3055,5999,7578,11396,2990"
7425,7425,"11024,7679,5135,4576,1923,9962,1290,1779,1755,7685"
7431,7431,"6971,8590,2140,5303,7138,2218,6220,10326,1290,8922"
7447,7447,"8421,4798,11282,10326,12857,1180,9443,11843,6899,9580"
7451,7451,"6971,8590,2140,5303,7138,2218,6220,10326,1290,8922"
7453,7453,"11117,7120,11569,296,5135,9567,9962,3697,4111,2784"
7456,7456,"9962,13309,1290,789,10607,4664,11298,296,7120,9942"
7484,7484,"1290,5135,7120,789,9962,4929,10607,296,10663,6243"
7486,7486,"2140,5303,2380,6971,6220,4413,2218,9799,8421,12026"
7505,7505,"6971,8590,2140,5303,7138,2218,6220,10326,1290,8922"
7529,7529,"2140,5303,8421,12990,5999,4798,13296,2218,6971,10326"
7532,7532,"6971,8590,2140,5303,7138,2218,6220,10326,1290,8922"
7548,7548,"2140,5303,8421,10326,2380,4798,7138,6971,976,11540"
7550,7550,"8421,6220,2140,4277,2218,5303,7138,2158,9072,11843"
7557,7557,"4798,8421,12990,10326,10916,9580,1180,10594,6326,8343"
7574,7574,"1290,7120,5135,9962,10607,296,789,10663,13309,12497"
7586,7586,"2020,1863,9972,7637,3542,8703,5976,7619,1487,8710"
7592,7592,"2140,5303,2218,10326,275,6220,2380,8421,7558,6971"
7594,7594,"64,2859,6422,380,11869,4985,298,10303,453,11171"
7600,7600,"3950,4199,10063,7130,11960,4117,5999,11357,5532,2905"
7601,7601,"5303,2140,8421,851,4798,8161,6515,9580,11843,1180"
7642,7642,"5135,789,9962,1290,13309,2916,1977,7120,8650,9866"
7647,7647,"4413,6220,2140,8235,6971,5303,2218,7138,6962,10835"
7650,7650,"8421,10326,13346,10835,2140,5610,12793,2218,6220,13296"
7660,7660,"1290,5135,11024,4576,10607,7120,9962,11298,3697,4664"
7682,7682,"10326,6220,8421,10916,6326,8562,331,8590,13296,2380"
7712,7712,"6971,8590,2140,5303,7138,2218,6220,10326,1290,8922"
7728,7728,"9580,13114,10473,10326,2140,12990,3295,11282,8421,4798"
7763,7763,"8421,6091,2789,3317,4798,9455,6925,6220,9443,3870"
7764,7764,"2140,6971,5303,8590,4798,8922,8421,9580,9799,2380"
7765,7765,"5303,2140,6971,4798,9580,8590,5999,3770,1912,7138"
7768,7768,"11751,12425,7344,6982,821,7723,11784,4413,11622,10596"
7776,7776,"1290,9962,5135,789,7120,13309,12497,10663,3697,296"
7834,7834,"4798,2140,8421,5303,2380,9580,7138,8590,10326,331"
7850,7850,"4798,8421,8343,1180,2411,2905,12990,11843,811,11384"
7860,7860,"6971,8590,2140,5303,7138,2218,6220,10326,1290,8922"
7879,7879,"6971,5303,8590,9799,2140,12026,8235,5999,7578,3055"
7892,7892,"4798,12990,10594,3950,8421,2140,6326,13114,3295,10916"
7895,7895,"7558,2140,2218,3870,8562,6220,8421,13346,1286,1978"
7901,7901,"8421,11843,1180,8230,1776,851,10916,12857,4277,4798"
7922,7922,"8421,4277,4798,8590,331,5303,2140,12990,6971,9455"
7927,7927,"13296,10326,8421,2140,2380,2218,3950,4798,13346,6220"
7931,7931,"2140,3950,220,3870,1978,13346,8421,6220,4798,4414"
7938,7938,"5999,4053,11357,3950,10835,4117,2789,5532,1100,4413"
7942,7942,"13296,2218,3950,9799,6220,4413,8562,5545,5303,2380"
7964,7964,"6220,9942,5545,13296,9600,4602,6041,2411,3950,13110"
7982,7982,"7578,5999,3950,4117,11622,11784,4053,9443,3055,4413"
7988,7988,"1290,11117,7120,12030,1400,9962,5135,789,296,2885"
7992,7992,"4798,8421,2140,5303,2789,2380,1776,331,4277,851"
8005,8005,"6971,8922,5303,12026,2140,2218,2380,3909,6220,10835"
8019,8019,"10919,11334,5504,7047,7496,4619,7681,11546,12226,12672"
8026,8026,"6971,9799,2140,8590,6220,4413,8562,10835,3055,3950"
8028,8028,"8235,10835,6220,2218,89,6971,8922,11403,2140,12026"
8085,8085,"6626,12378,2140,6503,11635,4798,4315,2291,8161,851"
8103,8103,"2291,13214,9771,4531,10434,5747,8402,9306,4035,10954"
8108,8108,"8421,7138,12990,2140,10326,2218,3950,5303,8562,11843"
8137,8137,"6971,1100,9799,8590,8922,6220,5303,8235,3909,4413"
8138,8138,"2140,5303,2380,8421,9799,4413,6971,10326,10340,6220"
8139,8139,"2905,4798,1408,5999,8421,3950,2789,5303,12793,9504"
8148,8148,"6220,13296,3870,2140,2218,2380,8562,6971,9799,7707"
8150,8150,"5303,2140,2291,8922,9668,8235,4877,8590,4101,9799"
8160,8160,"1290,7120,5135,10663,4929,789,9962,296,3697,10607"
8175,8175,"6971,8590,2140,5303,7138,2218,6220,10326,1290,8922"
8191,8191,"2140,5303,7715,2291,9306,7138,8022,2380,10340,8053"
8198,8198,"6971,2140,2218,9799,8590,4798,8421,2380,9580,8922"
8202,8202,"6971,8590,2140,5303,7138,2218,6220,10326,1290,8922"
8233,8233,"8235,8922,11403,12026,6971,8562,10835,7289,5524,6962"
8251,8251,"6971,8590,2140,5303,7138,2218,6220,10326,1290,8922"
8252,8252,"8421,331,851,1180,4798,8161,9580,12990,2140,10326"
8265,8265,"6971,9799,5303,8590,9668,8235,2140,6166,2380,4413"
8267,8267,"8161,6280,8421,9880,1180,11282,2140,6899,851,6515"
8268,8268,"275,11024,6971,1779,2218,7679,4576,10674,544,1851"
8294,8294,"220,2140,2380,8421,4413,976,13346,5999,5303,5610"
8299,8299,"1290,789,9962,7120,4929,10663,296,6811,11117,13309"
8302,8302,"5303,2140,8421,2218,9799,4798,560,2380,5545,6971"
8303,8303,"1290,789,5135,12497,4929,9866,13101,3697,296,7817"
8323,8323,"3909,10835,6971,8235,121,6220,1863,3799,3515,13296"
8327,8327,"8235,3950,10835,12026,11403,3055,6529,3909,4947,13381"
8331,8331,"6971,8590,2140,5303,7138,2218,6220,10326,1290,8922"
8332,8332,"6971,8590,2140,5303,7138,2218,6220,10326,1290,8922"
8334,8334,"5999,3950,13296,4117,5532,8562,4199,11289,9799,6971"
8337,8337,"1290,7120,10607,2916,10663,296,789,13309,4929,5135"
8341,8341,"11622,3950,6982,5999,11751,10340,11540,3340,8413,4053"
8361,8361,"9799,6971,8703,4413,2140,8922,8472,12026,5549,8235"
8369,8369,"6971,8590,2140,5303,7138,2218,6220,10326,1290,8922"
8378,8378,"6971,8590,2140,5303,5999,976,7578,8922,8472,3515"
8407,8407,"9730,11024,3238,7679,4576,11775,9500,11298,8714,12339"
8419,8419,"9306,13214,5946,9771,7439,2291,383,165,8402,4877"
8424,8424,"1290,13296,2823,7707,9668,7706,1863,5303,12606,9799"
8425,8425,"2140,6220,2218,2380,5303,6971,8421,13296,3870,275"
8438,8438,"1290,9962,5135,789,7120,13309,11117,12030,3697,10663"
8447,8447,"2140,4798,8421,5303,12990,9580,8161,10326,6971,1634"
8458,8458,"6971,8590,2140,5303,7138,2218,6220,10326,1290,8922"
8463,8463,"8590,6971,13296,8421,10326,4946,4798,6220,2218,3950"
8471,8471,"6971,5303,8235,3055,10835,8922,2380,2140,13346,7578"
8472,8472,"1290,7120,9962,296,4929,10607,12497,789,13309,10663"
8477,8477,"6971,8922,12026,3055,5303,12680,9229,9580,9132,1100"
8478,8478,"2140,6971,5303,2380,2218,7138,9306,2264,8590,2291"
8483,8483,"1290,7120,5135,9962,789,11117,10663,2916,4929,6243"
8496,8496,"11622,4798,3950,13346,6982,6326,10835,10340,5999,11751"
8497,8497,"3950,5999,4798,13296,8421,6925,9443,11622,11843,4413"
8501,8501,"2140,6971,9799,2990,13346,2380,3950,2199,5303,8562"
8506,8506,"1290,6220,13296,6971,9942,4576,4277,4664,9962,2140"
8520,8520,"10326,8421,6971,5303,2140,9229,8590,6220,275,2218"
8524,8524,"6971,8590,2140,5303,7138,2218,6220,10326,1290,8922"
8531,8531,"7707,2218,10326,2140,5545,8562,4865,6220,7138,8421"
8556,8556,"8421,2140,331,851,5303,6515,2158,11843,10326,1180"
8579,8579,"4576,1290,6610,11298,4664,10607,789,11024,7120,5135"
8585,8585,"8384,4576,10997,2218,12044,1863,6591,10267,288,7194"
8591,8591,"8590,13296,3950,10326,4798,5999,11289,6971,4199,1996"
8592,8592,"4929,1290,7120,5573,6243,10663,5135,4387,789,2916"
8596,8596,"6925,8562,3950,3870,8421,2380,2140,11540,6220,12793"
8598,8598,"3950,5532,6220,5999,2218,4199,3870,11289,13296,2411"
8608,8608,"1290,7120,10663,12497,13309,6243,9962,5135,789,3697"
8610,8610,"1290,7120,5135,9962,789,11117,13309,10663,2916,3697"
8617,8617,"1290,7120,4929,4387,5573,3697,12497,6243,9295,2916"
8621,8621,"3870,10835,6220,2218,13296,12606,2140,9729,7707,5303"
8629,8629,"6971,8590,2140,5303,7138,2218,6220,10326,1290,8922"
8649,8649,"9306,4985,5946,7341,2300,12871,2149,13214,9771,11295"
8652,8652,"5135,7120,789,9962,12497,5573,2916,296,13309,11020"
8714,8714,"6971,8590,2140,5303,7138,2218,6220,10326,1290,8922"
8718,8718,"8235,12550,11171,9385,824,7792,64,6509,9560,89"
8733,8733,"6971,8590,2140,5303,7138,2218,6220,10326,1290,8922"
8734,8734,"64,9179,6504,8563,7792,12550,6973,12176,12632,11171"
8754,8754,"2218,1210,12779,5545,6220,5964,3950,1478,3870,12793"
8771,8771,"9799,2140,5303,8205,9668,3106,4798,4413,8562,8161"
8791,8791,"6220,13296,5303,6971,8590,8421,2140,9799,10326,2380"
8794,8794,"8562,2218,10835,3950,8235,10326,13346,12990,11384,220"
8797,8797,"2334,9516,3960,3417,9375,8732,5027,11873,2770,2877"
8804,8804,"6971,8562,10835,2140,9799,3950,8590,8235,8922,7138"
8809,8809,"6971,8590,2140,5303,7138,2218,6220,10326,1290,8922"
8823,8823,"6971,8590,2140,5303,7138,2218,6220,10326,1290,8922"
8833,8833,"2140,9799,4798,5303,6971,8590,2380,13296,2218,8562"
8835,8835,"1558,1290,789,5135,10674,4163,9962,2957,7120,10607"
8840,8840,"2140,5303,2291,7063,2265,9771,2218,8205,12990,8235"
8842,8842,"6971,8590,2140,5303,7138,2218,6220,10326,1290,8922"
8860,8860,"1290,89,789,10607,6220,7120,296,4036,6971,544"
8866,8866,"5999,3950,10340,7578,11540,11622,8235,11784,4413,8413"
8877,8877,"8235,6971,5303,2140,7138,8922,2218,6166,8590,2291"
8887,8887,"6971,2218,2140,238,6276,5819,4811,7063,5303,1453"
8895,8895,"6971,8590,2140,5303,7138,2218,6220,10326,1290,8922"
8907,8907,"12030,11117,1290,8302,5135,7120,6243,2885,1863,4286"
8921,8921,"11871,5177,13346,3950,11540,4090,11467,5731,9340,11843"
8928,8928,"5135,9962,1290,4216,1558,4163,2957,789,7120,12497"
8936,8936,"6971,8590,2140,5303,7138,2218,6220,10326,1290,8922"
8965,8965,"2343,4388,6971,9693,5532,544,6220,1290,8590,8922"
8971,8971,"3950,5999,4117,6220,6971,5532,13296,5199,10835,1100"
9000,9000,"1290,6971,7120,10663,4929,12497,12030,2916,6243,8590"
9023,9023,"6220,10835,13296,2140,2218,3870,8590,6971,2380,5545"
9025,9025,"6220,2218,2140,8590,2343,8922,8562,6971,9693,13296"
9031,9031,"5999,7578,8235,4053,10778,4413,10835,11357,8562,4117"
9045,9045,"6425,4163,6060,9375,516,3238,2975,448,5760,1558"
9053,9053,"8235,4413,8922,12026,13296,2990,8562,6220,7707,10835"
9054,9054,"4413,5303,2380,2140,8421,9799,2218,4798,6220,6971"
9060,9060,"2140,5303,2380,7138,6971,2218,8413,7063,8421,10326"
9063,9063,"8413,11540,4413,2990,2199,453,2380,8235,9410,1478"
9071,9071,"8235,7024,5875,11403,12662,7489,6529,7705,3909,4715"
9078,9078,"6971,8590,2140,5303,7138,2218,6220,10326,1290,8922"
9101,9101,"6971,8590,2140,5303,7138,2218,6220,10326,1290,8922"
9108,9108,"2140,10326,5999,5303,13296,8421,8590,12990,2380,1634"
9110,9110,"2218,12793,9733,13310,5303,12404,3577,2580,9729,3950"
9114,9114,"6971,8590,2140,5303,7138,2218,6220,10326,1290,8922"
9144,9144,"1290,7120,13309,10607,2916,10663,296,11298,12497,6243"
9172,9172,"1290,8590,7120,4929,10663,6971,12497,13296,6243,8922"
9185,9185,"1290,10429,8703,4929,7637,7120,2020,589,8981,1487"
9190,9190,"5303,2140,6971,2218,2380,6220,8922,8421,8235,12026"
9193,9193,"6971,8590,2140,5303,7138,2218,6220,10326,1290,8922"
9198,9198,"2140,8421,2291,8161,851,9580,1180,5303,10326,10594"
9200,9200,"1290,6971,5303,13309,7120,13296,6220,331,2916,2140"
9201,9201,"6971,8590,2140,5303,7138,2218,6220,10326,1290,8922"
9204,9204,"8590,13296,8421,9072,6971,5866,10835,2064,10326,5545"
9215,9215,"2140,4798,4277,12990,8421,10326,8161,9580,4525,2218"
9222,9222,"1290,789,7120,5135,4929,10663,13309,3697,296,9962"
9233,9233,"8421,4277,12990,9580,331,8590,4798,2140,13296,3950"
9235,9235,"8703,7637,6971,1290,6166,9668,8922,2020,9799,8590"
9245,9245,"1290,789,7120,4929,10663,10336,13309,12497,6243,3697"
9275,9275,"8590,8235,7024,2218,7138,11775,4576,9962,11117,6971"
9308,9308,"12606,13296,4946,7707,9600,5545,3870,6220,4413,2013"
9323,9323,"12990,10326,11384,2411,10594,8421,717,811,4694,4798"
9329,9329,"3950,2789,4199,11784,6220,4602,1100,12793,3340,8681"
9355,9355,"4413,8235,9799,2380,2140,2218,10835,11784,5303,10340"
9369,9369,"5303,2140,6971,8590,9580,8922,10326,7138,2291,8421"
9386,9386,"6971,8590,2140,5303,7138,2218,6220,10326,1290,8922"
9388,9388,"5303,2140,13296,6220,6971,8421,4277,9580,12026,2380"
9401,9401,"1290,7120,9962,4929,12497,10663,4576,5135,296,1244"
9418,9418,"13110,5022,11540,13346,4413,10986,4323,8562,12813,1478"
9433,9433,"2291,9771,9306,5303,4877,2140,13214,7063,2264,7138"
9440,9440,"8421,11326,4860,1025,2158,761,10326,1776,12857,11683"
9446,9446,"9473,976,220,11540,2380,4315,2140,8413,7138,7503"
9464,9464,"6971,8590,2140,5303,7138,2218,6220,10326,1290,8922"
9477,9477,"4798,8421,11843,1180,11892,10950,2905,7717,7278,7899"
9488,9488,"1290,7120,10663,4929,6243,9962,2916,8567,789,10607"
9500,9500,"5999,5303,4053,11396,4798,1408,3577,8421,7916,6971"
9502,9502,"2140,6971,2380,5303,13296,3870,8562,5545,10835,3950"
9507,9507,"8235,7024,11403,10835,5875,12944,6220,3909,3055,6529"
9528,9528,"5135,4576,4163,4036,11020,9962,4664,11298,3697,7120"
9539,9539,"2140,5303,7138,6971,331,4798,4277,9580,8421,851"
9566,9566,"6971,8590,2140,5303,7138,2218,6220,10326,1290,8922"
9575,9575,"3950,5177,12611,8165,13380,4053,7303,8084,1996,2981"
9583,9583,"2140,4413,5303,9799,8421,5999,2380,10835,12793,2218"
9589,9589,"5303,2140,8421,2380,2218,11843,9580,9799,1776,6971"
9591,9591,"2140,5303,2291,8421,4798,6971,7138,851,1180,9580"
9617,9617,"7723,2140,5303,9799,12990,4413,10340,3106,9668,8421"
9620,9620,"11622,6982,3950,11751,5673,8413,11784,10913,5999,454"
9622,9622,"2905,4798,5999,1408,3950,2789,11357,4315,12793,1180"
9631,9631,"6971,5303,1290,2140,8590,8922,7138,2218,10608,12026"
9655,9655,"6971,8590,2140,5303,7138,2218,6220,10326,1290,8922"
9658,9658,"2140,2380,5303,2218,12331,4798,976,9473,9799,11784"
9660,9660,"1290,8590,6971,11117,13296,5303,6220,9799,2218,2140"
9669,9669,"1290,9962,789,7120,10663,5135,13309,4929,12497,6243"
9672,9672,"6971,8590,2140,5303,7138,2218,6220,10326,1290,8922"
9684,9684,"10352,9516,6402,7862,9453,4399,875,381,12507,8092"
9702,9702,"1290,9962,5135,7120,789,3697,10663,4929,9295,296"
9705,9705,"2140,10326,8421,5303,2380,6971,4798,1634,12857,11540"
9722,9722,"9306,2291,9771,13214,7439,12871,5946,2140,2264,10462"
9732,9732,"1290,2154,11667,6984,5250,9730,1948,6585,8802,5921"
9781,9781,"6971,8590,2140,5303,7138,2218,6220,10326,1290,8922"
9803,9803,"6971,8590,2140,5303,7138,2218,6220,10326,1290,8922"
9809,9809,"6220,2218,13296,3870,3950,4946,8562,2140,5999,10835"
9814,9814,"9504,8421,1996,1180,5999,11357,11843,3950,1776,331"
9818,9818,"6971,5303,8590,2140,9799,8922,5999,560,12026,10326"
9820,9820,"3950,5999,7578,9443,1408,3340,4798,7462,4117,1996"
9848,9848,"6220,4946,2218,13296,9942,3870,9553,10835,12606,6971"
9856,9856,"5303,2140,2218,6971,5731,9340,8626,12404,11467,5545"
9869,9869,"2291,2140,7063,8161,2264,851,5303,13214,7138,10594"
9889,9889,"5303,2140,2218,6971,4413,7063,9799,560,10835,10608"
9923,9923,"6971,8590,8421,10326,8562,5303,1634,6220,9580,1598"
9929,9929,"3950,11622,11540,13346,8235,10340,2380,5999,12425,5673"
9961,9961,"8235,7024,89,11403,6089,7289,6522,5055,12579,12312"
9969,9969,"6971,8590,2140,5303,7138,2218,6220,10326,1290,8922"
9974,9974,"6971,8590,2140,5303,7138,2218,6220,10326,1290,8922"
9976,9976,"11024,7679,4048,9730,2870,12606,4576,3487,9348,2989"
9989,9989,"6220,2140,6971,2218,2380,4413,3870,5303,4414,9799"
9993,9993,"2140,5303,2218,6971,8922,8590,2380,9799,12680,8421"
10002,10002,"6011,9516,2541,6402,4399,3960,5105,6659,449,2668"
10011,10011,"1290,7120,4576,12903,11024,7679,11298,10137,6610,10607"
10016,10016,"3950,8421,5999,10326,4798,9580,10916,6326,6971,6220"
10028,10028,"6971,8590,2140,5303,7138,2218,6220,10326,1290,8922"
10029,10029,"8421,5303,7138,851,2218,2140,11843,10326,4798,12857"
10033,10033,"6971,8590,2140,5303,7138,2218,6220,10326,1290,8922"
10042,10042,"2140,6971,5303,8421,10326,5999,8590,9580,4798,3950"
10046,10046,"11622,3950,11540,10340,8413,6982,5999,4798,6326,8746"
10061,10061,"6971,8590,2140,5303,7138,2218,6220,1290,8922,8421"
10071,10071,"3950,2140,3870,5999,8421,12793,6220,220,13346,5545"
10084,10084,"2140,8421,6971,8590,7138,2218,10326,1912,4277,9580"
10091,10091,"2140,10340,5999,4413,9799,6971,11540,10835,8562,4798"
10102,10102,"10607,296,789,13309,10663,9962,2916,6610,11298,5135"
10104,10104,"6971,10835,453,1746,5303,6220,13346,9942,7707,7558"
10121,10121,"1290,7120,789,4929,5135,13309,10663,12497,2916,6971"
10131,10131,"2140,5303,11540,10340,2218,4315,6971,10608,12793,8413"
10134,10134,"2291,7439,9306,5303,2140,2264,4877,13214,5946,6971"
10139,10139,"1290,7120,11117,12497,5135,12030,5573,2916,9405,10663"
10144,10144,"3950,4117,5999,11784,4602,5199,3340,11289,3870,13058"
10155,10155,"2199,3515,9799,6166,11396,4947,6971,5303,5549,6395"
10168,10168,"1290,7120,1863,5962,9564,296,12497,10663,3122,589"
10178,10178,"6971,89,13296,12665,6220,4117,5545,10835,2822,11289"
10186,10186,"6220,5866,89,13296,3428,5485,3057,2537,6971,2218"
10190,10190,"2218,8421,2411,4277,9072,2140,6220,13346,12990,4694"
10194,10194,"5303,2140,2218,6971,11540,7138,8235,4413,8562,9799"
10196,10196,"9799,8421,5303,4798,2380,11540,1478,2140,2218,6326"
10215,10215,"6971,8590,2140,5303,7138,2218,6220,10326,1290,8922"
10218,10218,"3932,6675,9021,9226,64,1832,4471,3368,12182,2817"
10251,10251,"8421,4277,2140,5303,6971,9580,8562,331,12990,1776"
10252,10252,"1290,7120,11298,13309,3697,5135,4664,2916,1244,10607"
10262,10262,"8703,5549,6166,5303,9799,4413,12104,5966,7637,9668"
10266,10266,"6220,2140,1978,13296,5545,3950,6925,5999,4277,2343"
10271,10271,"2140,5303,2218,2380,10340,220,3950,3870,4413,5545"
10277,10277,"6971,9799,2140,5303,4413,4798,6220,8421,8590,3055"
10282,10282,"5303,2380,2140,6220,10835,2218,9799,8235,12026,4413"
10286,10286,"1290,7120,4929,12030,10663,6971,9962,12497,6243,8590"
10305,10305,"5999,6971,11357,4053,9799,5303,2140,4798,8590,1100"
10309,10309,"8235,7024,4413,12579,9799,10835,7578,7289,3055,5875"
10335,10335,"1290,5135,7120,9962,3697,12497,10663,13309,4576,2916"
10340,10340,"11024,1290,6610,7679,8714,10607,4576,11298,11918,1779"
10375,10375,"6971,8590,2140,5303,7138,2218,6220,10326,1290,8922"
10388,10388,"5303,6971,9799,2140,2380,6166,10835,9886,8562,12026"
10397,10397,"2140,5303,6971,2218,2380,9799,8421,10326,4798,4413"
10402,10402,"6220,2218,3870,8235,10835,3509,9942,4413,11800,11414"
10407,10407,"6220,8590,6971,4277,8421,9072,2140,2218,5303,544"
10408,10408,"9306,2291,13214,2149,4877,5946,9771,7439,7138,2140"
10416,10416,"6220,8590,544,2218,275,1978,2140,4576,4277,12606"
10448,10448,"2140,11540,5303,10340,5999,2199,2220,6971,7578,2380"
10454,10454,"3950,5999,3870,4413,11784,11289,11622,9729,13346,4199"
10499,10499,"2140,8421,5303,4798,11843,8161,12857,2380,10326,12990"
10503,10503,"6971,8590,2140,5303,7138,2218,6220,10326,1290,8922"
10504,10504,"6971,5303,2140,8421,9580,2218,8590,10326,7138,7063"
10508,10508,"2140,5303,6971,8421,7063,7138,2291,2380,4277,10326"
10514,10514,"2140,8421,5303,7138,6971,2380,976,11540,10326,5999"
10526,10526,"8421,4798,5303,6971,2140,331,8590,9580,5999,851"
10540,10540,"2291,9306,9771,13214,7439,4877,5303,2140,2149,10462"
10542,10542,"9340,2218,7063,350,4277,2140,2158,1210,7138,37"
10551,10551,"8590,6971,6220,2140,2218,5303,8421,13296,4414,5485"
10554,10554,"1746,3870,4946,5545,5303,10835,3950,12665,6220,8633"
10555,10555,"11024,4929,1290,5135,1583,89,5142,11117,8206,789"
10556,10556,"6971,8590,2140,5303,7138,2218,6220,10326,1290,8922"
10562,10562,"5303,2140,9799,6220,4413,6971,2380,2218,8590,8235"
10575,10575,"1290,5135,789,7120,10607,9962,296,13309,4163,4929"
10576,10576,"2140,5303,2218,9771,2291,6971,5819,7138,976,275"
10582,10582,"5303,6971,13296,2218,8590,9799,5545,2380,4413,8421"
10584,10584,"3950,8413,2789,3340,10835,13346,11751,10340,3055,5999"
10606,10606,"2140,2158,2218,5303,4703,2380,220,8818,12934,10986"
10611,10611,"4277,8421,5303,6971,331,12990,9580,1978,6220,1634"
10613,10613,"6971,8590,2140,5303,7138,2218,6220,10326,1290,8922"
10614,10614,"8235,12606,1156,4929,2301,5398,3487,4430,3088,8517"
10623,10623,"8235,7024,1290,4576,11403,7983,7120,89,12497,2218"
10647,10647,"5135,4163,9962,83,789,2957,13309,7817,1554,9866"
10657,10657,"8421,851,5303,331,2140,4798,1776,8161,6971,9580"
10670,10670,"2140,2291,6515,6971,5303,8421,8161,851,4798,9580"
10679,10679,"1290,7120,4929,10663,11024,10607,789,6243,2916,9962"
10680,10680,"2140,275,5303,6971,2218,7138,4798,2380,8421,13346"
10699,10699,"12990,4798,3950,6326,10326,5303,8205,6971,2140,8590"
10715,10715,"6971,8590,2140,5303,7138,2218,6220,10326,1290,8922"
10720,10720,"3950,5999,11540,8562,2140,8413,2199,10340,4413,9799"
10735,10735,"6971,6220,2218,5303,2140,8235,5545,2380,89,4576"
10742,10742,"6971,8235,12026,6220,8590,2140,5303,13296,3515,3909"
10744,10744,"6971,8590,2140,5303,7138,2218,6220,10326,1290,8922"
10747,10747,"6971,10835,5999,5199,4413,6220,4117,9799,5303,1100"
10769,10769,"6971,1100,9799,8922,8590,6220,3909,5303,8235,4413"
10795,10795,"6971,8590,2140,5303,7138,2218,6220,10326,1290,8922"
10817,10817,"1290,5135,9962,11298,789,10607,7120,13309,3697,4664"
10819,10819,"6971,8590,2140,5303,7138,2218,6220,10326,1290,8922"
10828,10828,"6971,8590,2140,5303,7138,2218,6220,10326,1290,8922"
10860,10860,"10986,5731,9846,12556,11181,2789,10658,32,11414,10105"
10868,10868,"6971,8590,2140,5303,7138,2218,6220,10326,1290,8922"
10895,10895,"2140,5303,4798,8421,9580,8161,6971,9799,6515,10326"
10900,10900,"5303,2140,9580,6971,13114,8161,1957,11282,8421,6326"
10912,10912,"13426,8313,3567,11188,1424,7440,3194,4281,12227,2054"
10934,10934,"6220,9962,8590,1290,2140,13296,10326,9942,5485,789"
10947,10947,"5999,6971,11357,1408,4117,1100,8590,5303,2220,12793"
10950,10950,"2140,6971,5303,8421,9580,10326,8590,2218,4798,11384"
10964,10964,"1290,11024,10607,7120,296,789,4576,10137,9962,1851"
10965,10965,"6971,5303,2140,8235,5549,7715,9799,7138,2218,8590"
10968,10968,"5303,2218,6220,6971,2380,13296,8421,2140,8590,4414"
10972,10972,"4798,3950,12990,8421,12857,1996,11843,7899,12793,6326"
10975,10975,"6971,8590,2140,5303,7138,2218,6220,10326,1290,8922"
11028,11028,"8421,5545,10326,13296,1598,12990,2140,4414,4277,2380"
11030,11030,"1290,8922,7120,8590,5303,544,2140,89,11775,6220"
11044,11044,"5250,419,1290,2823,8284,12995,3787,7471,3268,4378"
11048,11048,"3950,5999,12793,4798,3340,4117,5303,7578,11357,9443"
11065,11065,"1290,4929,10663,7120,6243,2916,8590,3697,10462,5135"
11085,11085,"4929,10663,11024,789,1290,5135,7120,9962,9295,6243"
11088,11088,"8590,4798,2140,7138,5303,976,10326,8562,11289,8421"
11100,11100,"1290,11024,7120,9962,4929,6610,10663,789,10607,10389"
11102,11102,"220,8221,2218,11622,1408,11540,5022,9473,4090,11751"
11105,11105,"6971,1290,8590,8922,5303,2140,5999,12497,4929,10663"
11107,11107,"6971,8590,2140,5303,7138,2218,6220,10326,1290,8922"
11109,11109,"1290,7120,13309,296,12497,789,6610,10663,4929,10607"
11120,11120,"1290,9962,5135,789,7120,13309,296,1977,3697,6811"
11121,11121,"4798,6971,5303,2140,9799,5999,8421,8590,3055,10835"
11133,11133,"459,6760,9644,8612,363,10201,2893,10732,4619,4935"
11149,11149,"5731,2140,5819,2218,7383,5495,7063,13346,7138,571"
11152,11152,"1290,4576,4036,6610,7120,13309,789,11024,1244,10389"
11160,11160,"4413,8235,10529,6971,6220,10835,3055,2220,2218,12944"
11163,11163,"6971,6220,8590,8922,8018,3909,5303,6395,2220,12944"
11168,11168,"2140,2291,5303,6971,9306,7439,2264,7138,10462,12871"
11193,11193,"6971,8590,2140,5303,7138,2218,6220,10326,1290,8922"
11200,11200,"6041,3428,9600,4946,10224,3799,12606,9064,13110,5420"
11210,11210,"1290,4929,7120,10663,6243,12030,5573,8567,4387,2916"
11215,11215,"2140,8421,5303,2380,4798,2158,10326,6971,12857,7138"
11219,11219,"5135,1290,789,7120,9962,13309,2916,296,9405,10336"
11243,11243,"2140,7063,2291,4877,9771,238,2218,7138,6588,8421"
11253,11253,"1290,9962,7120,4929,10663,12497,5135,789,4576,10336"
11261,11261,"6220,7707,10429,13296,6971,4413,12606,2218,8590,3870"
11280,11280,"3909,8235,6220,12026,8922,5999,5532,6529,4388,1100"
11285,11285,"1290,7120,10663,4929,6243,296,3697,12497,5135,789"
11309,11309,"8590,2218,8235,6971,976,2140,12944,4413,5303,11540"
11312,11312,"2218,2140,11540,5303,2380,8562,4413,9799,5610,6971"
11314,11314,"6971,8590,1210,5303,2218,7063,5866,8421,37,7138"
11325,11325,"6971,5303,9799,6220,2380,13296,8590,2218,8922,8421"
11327,11327,"6166,8703,9668,4413,1487,9799,12026,2020,3088,7637"
11359,11359,"2140,5303,2380,6220,6971,8421,6638,10326,9799,13296"
11366,11366,"6971,8590,2140,5303,7138,2218,6220,10326,1290,8922"
11368,11368,"9962,1290,5135,789,7120,10663,12497,10336,8590,4929"
11371,11371,"6971,8590,2140,5303,7138,2218,6220,10326,1290,8922"
11376,11376,"6971,8590,2140,5303,7138,2218,6220,10326,1290,8922"
11377,11377,"2140,6971,5303,10326,5999,8421,4798,10138,2380,12990"
11383,11383,"2140,5303,2218,6971,275,8590,10326,8421,6220,7138"
11416,11416,"6815,8857,1916,8673,4803,12648,6485,3756,9568,6952"
11444,11444,"6971,8590,2140,8421,5303,10326,2218,7138,4798,6220"
11445,11445,"6971,2140,9799,5303,2380,4413,6220,4798,5199,12793"
11448,11448,"6971,8590,2140,5303,7138,2218,6220,10326,1290,8922"
11469,11469,"6971,8590,2140,5303,7138,2218,6220,10326,1290,8922"
11487,11487,"7120,4576,10607,789,4929,11775,9962,296,10663,6610"
11492,11492,"5303,5999,3950,12026,4798,9580,6529,6326,8421,11843"
11503,11503,"8421,9455,6220,3870,13346,5303,2140,2218,11843,3950"
11504,11504,"6971,8590,2140,5303,7138,2218,6220,10326,1290,8922"
11515,11515,"8421,3950,4414,4025,10326,5545,13296,2411,10916,4277"
11547,11547,"5999,6971,11357,5303,4798,2140,1408,4413,9799,2789"
11552,11552,"2140,4798,6220,6326,13346,5485,1634,3950,8421,9580"
11567,11567,"12990,4798,10326,2380,3950,6220,11843,2140,12857,13346"
11581,11581,"2140,2218,6220,5303,4277,7138,6971,3870,10326,8421"
11589,11589,"1290,5135,9962,3697,9295,789,10663,7120,2916,11024"
11591,11591,"12339,2989,4163,8679,11024,3401,7679,1779,11775,4708"
11595,11595,"1290,7120,789,5135,10663,9962,11117,12030,6243,296"
11604,11604,"6971,8590,2140,7138,2218,6220,10326,1290,8922,8421"
11608,11608,"2140,8421,6971,6220,5303,12990,13296,10326,6326,9580"
11627,11627,"2140,2218,8562,976,3950,5999,3055,5303,7578,4413"
11646,11646,"6971,5303,2140,4101,6166,8922,5549,2218,12026,1662"
11647,11647,"2140,5303,13346,2218,8421,2380,9072,11843,4798,10835"
11675,11675,"2140,5303,220,2218,1912,5610,7138,5999,11540,2291"
11676,11676,"1290,10607,7120,9962,5135,11298,2916,13309,1779,789"
11696,11696,"13214,5946,12871,4877,9771,2382,2291,6878,2149,8402"
11700,11700,"6971,8590,2140,5303,7138,2218,6220,10326,1290,8922"
11722,11722,"1290,7120,789,5135,3697,12030,11117,296,6971,13309"
11754,11754,"2140,2218,6220,13296,5545,4414,3870,5303,2380,8235"
11757,11757,"2140,5303,6971,7138,2218,8562,9799,4413,10608,4798"
11767,11767,"6971,8922,5303,2140,8590,8235,2218,1290,6166,9799"
11773,11773,"6971,8590,2140,5303,7138,2218,6220,10326,1290,8922"
11777,11777,"13110,3870,5545,4413,3428,13296,9729,3950,3799,8681"
11778,11778,"8590,6971,7138,2140,5303,2218,6220,10326,13296,8421"
11788,11788,"1290,5135,7120,4929,10663,3697,789,2916,12497,13309"
11790,11790,"1290,7120,9962,4929,10663,12497,5135,789,6243,12030"
11811,11811,"1290,789,5135,9962,7120,4929,296,10663,13309,12497"
11837,11837,"1290,9730,9962,6610,11298,789,11024,10607,7120,4036"
11859,11859,"8235,2140,12026,5875,11886,10986,13346,10835,2380,10340"
11865,11865,"6971,5303,8590,2140,9580,8421,4798,8922,1290,7138"
11867,11867,"12635,5145,9375,11555,9473,11871,5731,652,2218,4243"
11871,11871,"2218,1290,8590,4576,4929,7120,5303,5482,544,6971"
11879,11879,"7120,789,9962,10663,296,5135,13309,6243,10607,2916"
11880,11880,"8421,10326,4798,12990,1776,4277,331,1634,11843,10916"
11908,11908,"5303,6971,8590,2140,8922,8235,9799,2218,12026,5999"
11912,11912,"2140,8161,10594,8421,2291,5303,12990,1180,10326,851"
11925,11925,"10326,8421,4277,5303,2140,12990,2218,6220,560,6971"
11933,11933,"2140,5303,2380,7138,8421,2218,220,4413,11540,5610"
11945,11945,"1863,13436,589,11103,779,7706,6893,1487,5976,10429"
11948,11948,"10340,11751,5673,11795,12632,8413,3950,11772,2140,11540"
11952,11952,"2140,2291,7138,10608,3770,6887,7063,8161,8421,851"
11957,11957,"4576,1290,5135,2218,5303,9962,6971,7369,544,789"
11959,11959,"2140,8235,13346,3950,5303,3870,8922,10835,4798,5199"
11967,11967,"8235,4413,5875,7024,8413,3870,11751,9410,11540,13381"
11969,11969,"13296,2140,4798,11289,6220,2218,1017,10326,8421,5303"
11970,11970,"6971,8590,2140,5303,7138,2218,6220,10326,1290,8922"
11975,11975,"8235,1598,8562,6529,6220,5524,3909,10835,11403,10546"
11995,11995,"6971,8590,2140,5303,7138,2218,6220,10326,1290,8922"
12002,12002,"1290,9962,10607,11024,789,4576,7120,5135,11298,10389"
12022,12022,"789,1290,9962,5135,13309,7120,10336,296,12497,10607"
12032,12032,"3194,7220,4198,4159,4465,1217,12735,12226,3567,5137"
12036,12036,"8590,2140,5303,7138,2218,6220,10326,1290,8922,8421"
12066,12066,"275,7138,7063,2140,8590,2218,5819,11568,1018,976"
12077,12077,"789,10147,5135,9962,7856,6811,3539,1290,11088,9405"
12078,12078,"8421,5303,6971,2140,8590,2218,10326,8562,7138,4798"
12084,12084,"6971,5303,2140,9799,2291,6166,4101,8922,2380,12026"
12089,12089,"9799,5303,2380,10140,8421,4413,2140,6220,4798,6971"
12106,12106,"6220,3870,3950,5303,5545,7707,4413,8421,11540,2218"
12107,12107,"6220,2218,5495,6971,2380,2140,5303,8590,10835,13296"
12111,12111,"3950,8562,4798,13346,6220,8421,4277,11784,5199,12026"
12131,12131,"2140,5303,4101,8421,6971,9580,9799,8161,2199,2990"
12139,12139,"2140,2218,2380,5545,8562,6529,4865,5303,8161,12026"
12141,12141,"8235,10429,1290,6971,2218,8922,7024,1487,8981,4413"
12144,12144,"1290,5135,7120,13309,296,10607,10663,12497,4929,3697"
12150,12150,"4413,6220,9799,3870,8562,2199,9729,7707,10835,2013"
12151,12151,"6971,8590,2140,5303,7138,2218,6220,10326,1290,8922"
12162,12162,"6971,8590,2140,5303,7138,2218,6220,10326,1290,8922"
12170,12170,"6971,8590,2140,5303,7138,2218,6220,10326,1290,8922"
12182,12182,"8590,2140,5303,8922,2218,1290,10835,9799,12026,8235"
12185,12185,"12990,12939,5420,7707,8421,10326,13346,4865,6326,7532"
12191,12191,"220,12779,2218,64,5145,8421,2580,9600,4414,13346"
12197,12197,"6971,5999,5532,4388,2343,4117,3909,8922,8608,8590"
12204,12204,"6971,8590,2140,5303,7138,2218,6220,10326,1290,8922"
12229,12229,"8590,6220,2218,13296,5303,10835,6971,2140,2343,89"
12231,12231,"10607,11024,789,5135,1290,9962,1851,7120,5672,13309"
12234,12234,"12606,13296,1863,7983,7707,5545,4413,6220,10429,12067"
12238,12238,"8421,2140,9580,5303,331,4277,12990,4798,6971,10326"
12242,12242,"11784,12788,4482,11540,4101,4413,11622,2199,3950,10340"
12260,12260,"2905,6134,12611,11590,4229,8343,4199,1996,11726,6925"
12262,12262,"5999,10835,4413,4117,10340,2822,11622,2789,6982,3950"
12281,12281,"6971,8590,2140,5303,7138,2218,6220,10326,1290,8922"
12289,12289,"6971,8590,6220,1290,8922,13296,5303,2140,9799,2218"
12306,12306,"2140,5303,8421,6971,7138,2218,2380,275,976,10326"
12326,12326,"2140,5303,2291,7138,6971,8022,7063,5819,8421,2380"
12337,12337,"2140,3950,10340,8421,11843,10835,5303,12990,6326,8018"
12355,12355,"6971,8590,2140,5303,7138,2218,6220,10326,1290,8922"
12371,12371,"4946,6220,3428,13296,4199,9356,9942,13110,5532,10063"
12372,12372,"6971,8235,5303,8922,8590,9799,12026,2140,6166,9744"
12373,12373,"7138,2291,7578,12611,3770,240,8161,5999,2169,3295"
12390,12390,"7637,8703,4698,9668,6971,2020,6166,9937,8922,5303"
12405,12405,"4388,2343,6971,8922,5532,8590,6220,12026,6529,5999"
12407,12407,"8703,7637,1863,9564,3088,5962,2020,2058,2774,589"
12408,12408,"89,6220,12606,11024,5545,13296,7707,4576,3870,1290"
12419,12419,"5249,6150,3269,8257,10974,4572,12424,13398,4609,449"
12423,12423,"4615,12529,11871,4212,2108,605,4924,6751,8111,3270"
12426,12426,"6971,8590,2140,5303,7138,2218,6220,10326,1290,8922"
12452,12452,"4832,6082,449,5822,5105,3985,6402,7286,5760,8109"
12480,12480,"1290,4576,9962,7120,10607,11775,11298,12497,11024,11064"
12530,12530,"2140,9668,9799,4101,7707,5303,4413,6971,2380,8562"
12546,12546,"6971,2140,8590,9799,4101,5999,9668,12331,4798,9580"
12556,12556,"6971,8590,2140,5303,7138,2218,6220,10326,1290,8922"
12573,12573,"6971,8235,2218,5303,10835,2140,7138,976,12944,12026"
12592,12592,"8421,4798,10326,5999,6971,2140,2380,331,5303,3950"
12596,12596,"8421,11843,11540,10916,4277,12857,6515,10326,1180,3950"
12599,12599,"6990,10607,8284,428,4036,11859,789,4520,6083,1576"
12615,12615,"8590,1290,9962,6971,4576,6220,11775,12497,2218,7138"
12618,12618,"2140,3870,2218,4413,5545,2380,13296,5303,8421,4414"
12624,12624,"6971,8235,2140,8590,8562,2218,5303,3055,9799,8922"
12638,12638,"6971,8590,2140,5303,7138,2218,6220,10326,1290,8922"
12641,12641,"5999,6971,11357,5303,2140,4798,1408,4413,9799,2789"
12644,12644,"2140,2218,6220,8590,5303,6971,10835,7138,10326,8421"
12649,12649,"8703,7637,4698,5149,6166,9799,8981,12663,2020,6971"
12654,12654,"5999,11357,1328,8421,4117,1210,13300,4798,4199,3950"
12658,12658,"6971,5303,9799,2140,4798,5999,4413,6515,3055,7138"
12659,12659,"7120,6971,6243,2916,1816,10663,4929,4777,12497,5573"
12666,12666,"2140,6971,6220,544,4277,8922,8590,8421,13296,5303"
12669,12669,"6971,8590,2140,5303,7138,2218,6220,10326,1290,8922"
12674,12674,"8562,2218,10986,4413,2140,11540,4430,2380,7707,12606"
12688,12688,"8612,1217,4115,8709,2330,1625,9293,6786,7902,11458"
12694,12694,"6971,8590,2140,5303,7138,2218,6220,10326,1290,8922"
12709,12709,"8421,5303,6971,4277,9580,10326,1912,8161,11843,4798"
12712,12712,"6971,8590,2140,5303,7138,2218,6220,10326,1290,8922"
12722,12722,"6971,8590,2140,5303,7138,2218,6220,10326,1290,8922"
12728,12728,"9375,9165,2164,3960,899,12339,8845,1219,9817,1018"
12732,12732,"6971,5999,8235,8922,8590,7578,5303,4117,2140,5532"
12736,12736,"8421,1180,2140,8161,4798,851,10594,11843,331,12990"
12738,12738,"8590,6971,1290,2140,9962,10326,5303,7138,2218,8922"
12741,12741,"8421,2140,4798,5303,4277,851,1776,13296,10326,2380"
12756,12756,"8235,9306,5524,10670,63,8075,12990,13346,7383,2287"
12764,12764,"2140,7138,2218,8562,6220,4277,3766,714,976,8421"
12768,12768,"275,6971,64,2218,7383,544,2140,13296,89,7558"
12773,12773,"2140,9799,2380,5303,4413,2218,10340,6971,4798,8421"
12789,12789,"6515,8161,2140,4798,1180,8520,1769,2291,6899,851"
12790,12790,"6971,8590,2140,5303,7138,2218,6220,10326,1290,8922"
12801,12801,"1100,4199,3950,8235,11289,4602,10835,5999,4413,8562"
12804,12804,"1290,4929,10663,5135,789,9962,12497,6243,296,2916"
12833,12833,"10326,8421,4798,11540,6925,3950,4025,6326,13346,12857"
12846,12846,"3711,7899,3838,7343,8421,1113,864,4747,9226,4860"
12855,12855,"6971,8590,2140,5303,7138,2218,6220,10326,1290,8922"
12860,12860,"2140,5303,9799,6971,2380,13296,4413,2218,10326,8421"
12874,12874,"6971,8590,8922,6220,789,9229,13309,9962,12026,8235"
12875,12875,"5999,4117,2140,10835,5532,3950,6971,2822,5199,8562"
12877,12877,"5303,6971,2140,6515,7138,2218,9799,8421,4413,2380"
12883,12883,"6971,8590,2140,5303,7138,2218,6220,10326,1290,8922"
12890,12890,"8703,7637,8981,5149,7344,12663,6166,13228,4698,5966"
12919,12919,"1290,5135,4664,13309,789,4163,10674,7120,11298,10607"
12927,12927,"7707,10429,4698,13296,6166,6220,4413,9799,6971,1487"
12955,12955,"13380,11622,2905,12611,220,6982,3950,2789,8746,11289"
12956,12956,"8235,2140,8590,5303,6971,9799,8922,12026,7715,1583"
12958,12958,"9771,2291,9306,7439,5303,10462,2140,2264,13214,4262"
12965,12965,"6971,8590,2140,5303,7138,2218,6220,10326,1290,8922"
12970,12970,"3950,4413,6220,5999,13296,8562,2218,3870,1598,2789"
12996,12996,"6971,2140,5303,8421,4798,7138,2380,4277,10326,8590"
13000,13000,"6220,3870,3950,4947,1478,5545,8562,11540,2990,2199"
13017,13017,"3428,10063,6220,1426,3266,5545,8279,11289,1210,3468"
13019,13019,"8421,2140,5303,6971,9580,10326,1180,851,8161,331"
13021,13021,"6971,2140,5303,2380,11540,2218,8235,10835,4413,2220"
13022,13022,"6971,2140,2218,8590,5303,8562,7138,6220,8922,976"
13063,13063,"2140,5303,9799,4413,2380,2218,6971,10608,10326,8022"
13075,13075,"2291,9306,9771,7439,2149,5946,2140,10462,4877,6971"
13076,13076,"6971,8590,2140,5303,7138,2218,6220,10326,1290,8922"
13101,13101,"5999,4117,11357,2822,11712,1408,3950,2571,785,7578"
13105,13105,"6971,8590,2140,5303,7138,2218,6220,10326,1290,8922"
13115,13115,"2140,5303,851,6971,5999,8421,2380,9968,12857,10326"
13117,13117,"1290,9962,7120,11775,11064,5135,4576,4929,13348,11117"
13121,13121,"5303,5999,2140,2789,10340,4413,3950,2567,4798,4321"
13123,13123,"5303,2140,13296,6971,8590,2218,9799,5545,2380,8421"
13125,13125,"2199,5124,5303,9799,1957,6395,4101,12331,6166,9937"
13147,13147,"6971,5303,2140,8421,4798,6220,2380,8922,8590,9580"
13151,13151,"2218,2140,9454,8413,176,4413,12632,10835,7383,8235"
13153,13153,"1180,10326,331,851,12990,12857,4798,8161,11843,4277"
13176,13176,"6971,8590,2140,5303,7138,2218,6220,10326,1290,8922"
13180,13180,"6925,3950,12494,791,5545,3799,2411,1913,4436,5698"
13192,13192,"2218,2164,12029,3870,12339,1079,11289,12648,12575,9516"
13194,13194,"6971,8590,2140,5303,7138,2218,6220,10326,1290,8922"
13195,13195,"5303,8421,10326,2140,7138,11540,4798,4924,1634,13257"
13198,13198,"8421,4277,851,12990,1328,2158,350,7833,10326,4798"
13231,13231,"6971,8590,2140,5303,7138,2218,6220,10326,1290,8922"
13234,13234,"1290,7120,5135,10663,9962,789,4929,13309,12497,3697"
13240,13240,"11024,12903,12869,789,4929,1851,3427,7120,9732,5672"
13273,13273,"8235,5303,9799,5549,8590,8922,2140,12026,2380,3055"
13276,13276,"2140,4798,5999,3950,4413,8562,8421,2380,11540,5303"
13283,13283,"2140,6971,5303,9306,4877,5747,10462,4798,2264,8161"
13297,13297,"8235,7024,7261,6522,2490,11403,6089,4947,7489,7578"
13301,13301,"5999,4413,9799,11540,8562,4798,8472,5303,12793,6971"
13303,13303,"3950,13346,9443,11622,6326,4798,8421,5999,12857,11540"
13321,13321,"1290,5135,7120,11117,9962,12030,12497,10663,789,9405"
13330,13330,"6971,1290,8590,5303,8922,4929,9799,8703,6166,7120"
13338,13338,"1290,9962,5135,789,10663,7120,10336,4929,13309,2916"
13380,13380,"2140,5303,2380,8421,4798,2158,2218,10326,12857,7138"
13389,13389,"1290,12030,7120,11117,5135,10663,6243,3697,12497,789"
13390,13390,"2218,6971,5303,2140,4413,6220,9799,10835,12606,2380"
13391,13391,"4798,3950,13346,13296,3799,11784,4199,4053,5999,12990"
13401,13401,"9473,8421,1634,10326,10594,11843,811,851,9309,220"
13403,13403,"8235,6166,8703,7024,4698,8922,5149,9799,11403,4413"
13407,13407,"6971,2140,5303,7138,2218,6220,10326,1290,8922,8421"
13413,13413,"2291,2140,7063,8161,2264,851,5303,13214,7138,10594"
13414,13414,"1290,11117,10607,2885,7120,5135,13309,789,4036,3697"
13446,13446,"6971,8421,2140,5303,10326,4277,9668,1290,8590,4798"
13472,13472,"1290,9962,12497,7120,10663,5135,4576,4929,2916,789"
13488,13488,"5303,2140,8421,2380,6971,2218,10326,1634,10340,4101"
13502,13502,"13296,1290,6220,6971,8590,8922,4929,89,7120,5485"
13507,13507,"1290,5135,789,7120,9962,10607,2916,10663,1779,2969"
13512,13512,"6971,8590,2140,5303,7138,2218,6220,10326,1290,8922"
13543,13543,"8421,4277,12990,2140,4344,1180,9580,9340,12779,12857"
13572,13572,"2140,6971,5303,4798,8421,851,8161,2380,9580,9799"
13595,13595,"1290,4929,6243,7120,10663,5135,5573,12030,4387,2916"
13599,13599,"4602,10835,3509,3799,3950,10063,3870,5199,4053,11289"
13608,13608,"7063,2140,2291,2264,7138,2158,9771,5303,275,9328"
13609,13609,"4097,7480,6071,3593,6883,11372,10941,7621,12339,12647"
13630,13630,"6971,5303,2140,9799,8421,6220,10326,560,4798,8590"
13635,13635,"5303,2140,6971,7138,4101,10326,2291,8421,8593,6515"
13645,13645,"8590,6220,8421,5303,13296,10326,6971,331,2218,2140"
13673,13673,"5199,5128,5422,4117,3950,4602,11289,5964,5999,10063"
13683,13683,"5303,2380,6220,6971,2140,4414,8421,10733,12793,13346"
13702,13702,"8235,8922,7024,11403,89,6971,12944,7489,10835,12026"
13716,13716,"6220,2140,2218,10835,3870,5303,8421,2337,5866,1746"
13724,13724,"6971,5303,8590,2140,1290,8421,4277,331,10326,851"
13746,13746,"5303,2140,6971,2380,12026,10326,9799,2218,6220,8590"
13752,13752,"4413,10835,3950,4602,2218,3870,5999,6220,7723,2140"
13756,13756,"5135,1290,789,9962,13309,7120,2916,10663,12497,296"
13763,13763,"1290,5135,9962,7120,789,10663,296,3697,8284,2916"
13774,13774,"13296,8590,1290,9799,6971,6220,5303,7707,8922,6166"
13776,13776,"1290,5135,7120,9962,789,13309,10607,10663,3697,2916"
13786,13786,"5135,2957,789,4163,83,4216,8057,9909,9962,6811"
13788,13788,"2218,8421,10326,9340,811,275,8590,9072,5303,2140"
13791,13791,"6971,5303,2380,4798,8421,6515,9799,9580,8590,851"
13810,13810,"4947,8235,6971,5303,8413,4413,3055,9799,5549,2220"
13811,13811,"1180,8161,4798,8421,9580,11282,12990,12857,11993,6326"
13820,13820,"6971,8590,2140,5303,7138,2218,6220,10326,1290,8922"
13826,13826,"9375,2975,11555,571,2769,899,12635,2709,2989,10034"
13840,13840,"6169,6640,2034,4029,10707,7325,2123,3635,1636,833"
13841,13841,"8161,12990,11843,3950,851,331,2140,9580,12857,6326"
13852,13852,"1290,5303,6220,2140,8922,2380,8590,7120,13296,9799"
13858,13858,"4698,7637,5549,5966,5149,3515,8981,6892,8472,8922"
13865,13865,"8401,4029,6952,10233,92,6060,7127,3652,10220,11757"
13871,13871,"2140,5303,9580,12990,8590,6971,851,4277,4798,10326"
13877,13877,"10241,2140,7715,6971,5303,8922,9668,8235,9306,8590"
13905,13905,"6971,8590,2140,5303,7138,2218,6220,10326,1290,8922"
13924,13924,"4576,11298,9962,5135,7120,10607,4036,1779,11024,4664"
13929,13929,"2140,10594,8421,8161,10326,1180,9580,12990,1634,12779"
13935,13935,"2140,6971,2380,4413,5303,8562,2218,13346,8235,6220"
13952,13952,"6971,8590,2140,5303,7138,2218,6220,10326,1290,8922"
13953,13953,"6522,7578,8235,10340,6971,12632,5303,11622,8413,7715"
13962,13962,"6971,2140,5303,2291,9668,7138,8590,8922,10608,4798"
13965,13965,"9799,6971,5303,8235,2140,2380,5999,6220,10835,12026"
13966,13966,"6971,8590,2140,5303,7138,2218,6220,10326,1290,8922"
13974,13974,"6971,8590,2140,5303,7138,2218,6220,10326,1290,8922"
13982,13982,"1290,7120,5135,4929,789,3697,10663,12497,9962,296"
13983,13983,"2140,12632,7715,2380,8022,7138,5303,4413,2218,6971"
13987,13987,"8421,2140,5303,851,4798,8161,9580,331,1180,6515"
13988,13988,"1290,7120,4576,9962,13309,789,4664,10663,2916,4929"
13991,13991,"13346,8421,4798,10326,6326,8483,10916,3950,12857,9580"
13995,13995,"6971,8590,2140,5303,7138,2218,6220,10326,1290,8922"
13998,13998,"2140,5303,12990,9580,2291,8161,11843,6971,10916,13346"
14021,14021,"5202,13190,1140,3264,2015,6591,8896,9816,12183,1558"
14028,14028,"6060,12339,9375,12094,5494,6082,2164,9422,5105,1079"
14042,14042,"2218,2380,6220,13110,3870,5303,4413,5485,12606,4414"
14049,14049,"8703,7637,5149,12663,10332,6474,2020,13228,4698,6938"
14060,14060,"2789,4413,11784,3950,5999,454,8235,11751,9799,10835"
14061,14061,"8590,6220,3870,13296,2218,2676,7707,12606,5532,3950"
14067,14067,"1863,13377,589,6218,10429,6474,3122,13436,1487,2024"
14079,14079,"6971,5303,6220,13296,9799,2140,12026,1290,8235,2380"
14089,14089,"851,8421,1180,2169,6515,11843,4798,8161,3770,331"
14097,14097,"6971,8590,2140,5303,2218,6220,10326,1290,8922,8421"
14105,14105,"6971,8590,2140,5303,7138,2218,6220,10326,1290,8922"
14147,14147,"6971,8590,2140,5303,7138,2218,6220,10326,1290,8922"
14155,14155,"220,11326,64,5022,12152,2380,5610,2158,11540,652"
14168,14168,"6971,2140,8590,5303,8922,4277,851,8421,10326,7138"
14170,14170,"2140,6971,5303,8590,7138,8421,10326,2218,13296,6220"
14173,14173,"2559,3128,7679,5105,12096,2769,9064,6201,4593,2668"
14174,14174,"2380,6982,11622,11751,8413,10340,9799,12793,8421,11540"
14196,14196,"6220,10835,12026,3870,2140,5545,8562,2218,8413,6529"
14197,14197,"6971,1290,2140,4929,8590,5303,7138,851,9580,6243"
14202,14202,"9962,5135,11775,4576,10607,13309,7120,4664,11298,12497"
14204,14204,"383,9771,8703,7439,9306,2300,7715,6648,5946,8751"
14215,14215,"9942,6220,89,12606,13296,2218,8590,810,12339,5495"
14242,14242,"6971,5303,2140,8421,10326,9799,9580,5999,4277,331"
14244,14244,"6220,8590,10326,8421,13296,5303,1598,1634,5545,2380"
14249,14249,"1290,7120,9962,296,11117,10663,10607,12497,5135,12030"
14250,14250,"6971,8590,2140,5303,7138,2218,6220,10326,1290,8922"
14256,14256,"8421,9580,4798,851,10326,1180,12990,8590,5303,6971"
14258,14258,"6971,8590,2140,5303,7138,2218,6220,10326,1290,8922"
14280,14280,"5303,2140,5819,7138,4915,9580,2291,6971,9880,8421"
14318,14318,"7120,12497,7685,1923,10663,9107,7884,3916,296,3697"
14325,14325,"6071,6150,1328,11927,4158,7325,870,1625,2123,4063"
14328,14328,"8590,12339,3002,2334,9516,2582,12648,350,2870,8540"
14329,14329,"6971,8590,2140,5303,7138,2218,6220,10326,1290,8922"
14344,14344,"6971,2140,5303,2380,9799,8562,8421,2218,560,6220"
14366,14366,"1290,4929,7120,12030,10663,6243,10322,12497,5573,5135"
14421,14421,"2769,11334,12698,9482,10919,8679,11162,12011,8658,4163"
14430,14430,"2140,5303,6971,5999,2218,9799,2380,4798,1100,7578"
14435,14435,"6971,2218,5303,13381,7138,11540,10835,8413,10340,13367"
14472,14472,"2140,9799,2380,2218,10835,8922,6220,12026,4413,8590"
14501,14501,"5545,5485,89,8922,6220,11403,12665,6971,1355,12606"
14509,14509,"8235,6529,8922,3909,6971,10835,12026,3950,7578,9744"
14516,14516,"5549,5303,13381,10340,2218,11403,8413,10718,11171,8235"
14521,14521,"2218,2140,3950,13296,5303,8562,13346,6220,12793,7578"
14553,14553,"7637,1487,2020,8703,1863,3122,3088,5149,1239,6474"
14561,14561,"8235,3950,6220,4602,64,6529,5199,12026,7578,3870"
14562,14562,"4924,3950,5999,5303,10835,4413,8562,2199,6971,9799"
14567,14567,"6971,5303,2140,5549,4101,8593,2218,8590,2380,6166"
14575,14575,"6971,8590,2140,5303,7138,2218,6220,10326,1290,8922"
14581,14581,"6971,8590,5303,8922,2140,2218,6220,9799,7138,8235"
14627,14627,"6971,8235,10835,8922,12026,89,11403,8590,12253,9229"
14634,14634,"3950,4277,2580,2411,8421,6925,4798,12990,811,10916"
14651,14651,"2140,5303,2291,8161,7138,10326,12990,10608,12857,7532"
14659,14659,"5999,4117,7578,11357,785,976,6971,1408,1100,2220"
14670,14670,"2140,2291,5303,4798,6971,10326,2264,9771,4101,7439"
14684,14684,"6971,8590,2140,5303,7138,2218,6220,10326,1290,8922"
14691,14691,"8922,6971,1290,12026,2140,4929,5303,9668,6243,9799"
14695,14695,"1290,7120,6971,8922,4929,12030,89,296,8590,1400"
14705,14705,"2291,2140,8421,851,1180,7138,8161,6515,2158,7063"
14711,14711,"4929,2870,1290,11024,7120,789,9730,4576,13309,5135"
14723,14723,"1408,1180,6515,8161,4798,5214,9504,2140,10434,4315"
14739,14739,"1290,10663,4929,789,5135,9962,7120,2916,3697,13309"
14740,14740,"8161,2140,851,5303,8421,1180,4798,9580,2291,12857"
14743,14743,"4414,11784,6220,12594,4798,7792,8421,12305,11751,2140"
14747,14747,"6971,8590,2140,5303,7138,2218,6220,10326,1290,8922"
14748,14748,"8235,11403,3509,3870,487,5875,9942,6220,7707,12253"
14764,14764,"6971,8590,2140,5303,7138,2218,6220,10326,1290,8922"
14771,14771,"6971,8590,2140,5303,7138,2218,6220,10326,1290,8922"
14780,14780,"6971,8590,2140,5303,7138,2218,6220,10326,1290,8922"
14784,14784,"8421,1180,4798,12779,811,10594,12990,851,2169,1912"
14785,14785,"6971,8590,2140,5303,7138,2218,6220,10326,1290,8922"
14798,14798,"8235,4602,10835,3870,4199,3950,4414,5199,12417,4413"
14801,14801,"1290,4576,10389,7120,6971,9962,10607,4664,8590,6610"
14803,14803,"5303,6971,8421,2140,9580,2218,10326,8590,7138,7063"
14821,14821,"8421,2140,9340,5303,10326,7063,4277,6971,811,2158"
14832,14832,"12606,8562,6220,4946,13296,11403,89,9942,2218,8922"
14833,14833,"11289,6638,1978,11667,4602,12026,2064,6925,8590,8235"
14853,14853,"4413,9799,8235,5303,6971,6166,2140,2380,11540,8703"
14854,14854,"2140,10326,2380,6220,8421,6971,13346,6187,5303,1634"
14856,14856,"6220,2218,5303,5545,6971,13296,2140,7707,3870,8590"
14858,14858,"2140,5303,8590,6971,2218,6220,10326,8421,10835,275"
14864,14864,"6971,8590,2140,5303,7138,2218,6220,10326,1290,8922"
14867,14867,"4576,1290,2989,10607,8590,9942,6220,11775,4664,8714"
14880,14880,"11024,7679,3222,9730,1851,4163,9732,1290,10840,4576"
14890,14890,"12944,8235,3870,3888,5999,11403,5124,7707,4117,4053"
14892,14892,"4277,8421,331,4798,6220,851,1776,2411,10326,6925"
14899,14899,"5135,9962,789,1290,10607,4163,1851,7120,10648,11775"
14904,14904,"5532,2343,3909,5999,4117,10063,6220,1100,4388,4199"
14906,14906,"1290,9962,10607,11775,4036,789,11298,5135,7120,13309"
14909,14909,"8421,1328,4277,331,4798,10151,851,350,1776,2861"
14929,14929,"10429,8981,8703,1863,3122,1487,5976,5962,6166,3088"
14931,14931,"8703,6971,4698,6166,9799,8981,9668,7637,5149,7707"
14938,14938,"8421,2140,5303,6971,4798,10326,12990,4277,11843,1634"
14955,14955,"2140,5303,8421,4798,6971,2380,8590,2218,7138,6515"
14961,14961,"1210,350,870,1328,10739,496,10431,8331,11158,716"
14969,14969,"5135,10607,1290,11024,4163,9732,6610,1851,11298,10674"
14970,14970,"8421,10326,331,2140,4277,1776,6971,4798,8590,9580"
14977,14977,"64,77,10950,9838,10410,7079,1370,1020,11622,12172"
14991,14991,"5303,8413,2140,8235,10835,4413,11540,2380,8562,12026"
14993,14993,"2140,5303,7138,2291,7063,6971,9306,9771,2218,275"
15009,15009,"8421,4798,5303,2140,331,6971,851,9580,6515,8161"
15014,15014,"8590,2343,6971,6220,10835,5866,2218,5532,3909,8235"
15028,15028,"6971,8590,2140,5303,7138,2218,6220,10326,8922,8421"
15029,15029,"8421,4277,10326,2140,331,12990,11843,9580,5303,1776"
15030,15030,"3870,3509,64,6220,12606,11800,12417,6925,5199,13110"
15033,15033,"5999,6971,9799,1634,2140,10326,5549,5303,2380,4101"
15052,15052,"8421,13296,12990,4798,2140,9580,1776,5303,12857,6220"
15062,15062,"2140,13346,8161,9580,8562,6971,2291,9880,6326,4332"
15074,15074,"4413,7707,3870,6220,3428,12606,9799,1478,13110,5545"
15081,15081,"2140,6220,6971,4277,8590,13296,8421,4798,5303,5532"
15082,15082,"9296,6640,5251,795,3339,4644,9482,2436,2936,2877"
15097,15097,"2291,7439,9771,4877,9306,5946,7063,13214,2149,5303"
15098,15098,"6971,5303,9799,8922,8590,4798,2380,2218,12026,8421"
15107,15107,"1290,4929,7120,10663,6243,9962,789,5573,4387,5135"
15113,15113,"8421,2140,2158,811,10326,11843,7138,350,8483,10916"
15120,15120,"2380,5303,11540,8421,2218,9799,976,8562,10326,7138"
15121,15121,"8421,10326,4798,2140,11282,1634,8590,5303,9580,6971"
15122,15122,"2140,5303,2218,8562,9799,8421,6220,6971,2380,5999"
15141,15141,"7138,8590,275,1210,2218,2140,2506,12758,9422,9072"
15143,15143,"1290,7120,6971,8590,4929,12497,10663,10607,13309,6220"
15148,15148,"3950,4117,4602,3340,5999,3317,9443,3577,3055,11289"
15164,15164,"1290,6220,6971,10429,7120,10607,296,1863,7707,13296"
15165,15165,"6220,4413,2380,13296,2218,2140,3870,12606,8235,10986"
15175,15175,"8421,10594,1180,10326,4798,12990,1634,9580,8161,13114"
15186,15186,"789,1290,296,5135,10147,13309,10607,6811,10663,3539"
15189,15189,"8421,851,12990,4798,2140,5303,10326,11384,4277,12857"
15200,15200,"5303,2140,6971,6220,2380,9799,13296,4277,331,8590"
15204,15204,"6971,8590,2140,5303,7138,2218,6220,10326,1290,8922"
15205,15205,"8590,1290,6971,13296,2140,7120,9962,8922,5303,10326"
15217,15217,"5303,9799,6971,2140,2380,8235,8590,4413,5549,2218"
15240,15240,"6971,8590,2140,5303,7138,2218,6220,10326,1290,8922"
15248,15248,"1290,4929,7120,10663,6243,296,12497,6971,5962,3088"
15253,15253,"11326,2140,12322,11414,11268,4860,6222,8421,5303,6515"
15256,15256,"2140,8421,5303,10326,2380,4277,6220,4798,13296,6971"
15260,15260,"5999,3950,4117,8421,5532,11357,6971,10916,5303,4053"
15265,15265,"8235,8590,6220,12944,2218,2343,8922,2903,7024,5545"
15274,15274,"8054,6952,5155,8540,632,4029,10352,3698,6815,2742"
15275,15275,"8235,10340,2140,5303,12632,11622,2990,2380,7715,13346"
15282,15282,"8590,6971,10326,2140,5999,8421,9580,13296,1634,7138"
15294,15294,"7024,2990,8590,11403,10835,8922,6220,11886,2218,3870"
15304,15304,"1290,5135,10663,9962,789,7120,4929,2916,3697,13309"
15330,15330,"8703,7637,4205,4698,10332,2020,6166,12663,7344,5846"
15331,15331,"5022,393,8421,6641,3870,2380,3950,4414,11772,5545"
15332,15332,"4163,5480,5135,12339,11024,2334,4511,9962,12085,5561"
15339,15339,"6971,8590,2140,5303,7138,2218,6220,10326,1290,8922"
15387,15387,"3487,1863,11024,12775,4576,12995,7685,4036,5669,5135"
15391,15391,"2140,6220,2218,4277,2380,4414,275,5485,1978,9072"
15396,15396,"6971,5303,2140,9799,2380,8421,6220,13296,2218,4798"
15397,15397,"11326,12594,6641,12152,5668,7994,961,4413,10369,1194"
15421,15421,"9306,6971,275,2140,5303,7138,8590,7063,2291,5819"
15427,15427,"8590,1290,9962,6971,5135,7120,5303,789,13296,13309"
15434,15434,"1290,1863,5962,10429,589,9083,5976,8981,7120,10663"
15441,15441,"11622,11751,13296,11772,12425,4792,3950,2380,6925,6982"
15444,15444,"6971,8235,5303,275,176,8590,9229,2140,7852,976"
15457,15457,"6971,5303,6220,8590,5999,2140,13296,8562,3055,2218"
15466,15466,"2337,6971,5303,10326,4877,37,8421,7138,2140,2569"
15475,15475,"8421,1634,3950,10326,4915,7138,2140,9072,11540,2218"
15483,15483,"1290,5135,9962,789,13309,7120,10663,12497,4929,3697"
15487,15487,"8235,7024,11403,4715,7983,5875,3055,2218,7489,5524"
15500,15500,"8161,2140,4877,9771,5303,2264,12476,851,7063,5747"
15511,15511,"6971,5303,2140,6220,9799,2380,13296,2218,8590,4413"
15515,15515,"8421,4798,10326,4414,4865,5303,9799,13346,2380,5485"
15519,15519,"8235,6971,10835,2140,9886,12026,5199,3950,2380,3055"
15534,15534,"6971,8590,2140,5303,7138,2218,6220,10326,1290,8922"
15545,15545,"6971,8590,2140,5303,7138,2218,6220,10326,1290,8922"
15553,15553,"8590,6971,2343,976,7138,2140,4388,5303,2218,6529"
15556,15556,"8681,64,11772,12606,13110,11751,10986,4414,3870,12425"
15564,15564,"6971,10326,8421,9229,275,1746,5303,4277,12404,331"
15567,15567,"1290,11298,4664,10674,5135,789,8714,9962,13309,11938"
15582,15582,"8421,3295,4915,13257,1996,12779,10138,976,10326,2218"
15585,15585,"8590,8421,6971,4277,5303,2140,10326,1290,6220,560"
15587,15587,"2140,11540,8562,3950,4413,5303,2380,5999,13346,12793"
15589,15589,"6971,8590,2140,5303,7138,2218,6220,10326,1290,8922"
15590,15590,"6971,8590,2140,5303,7138,2218,6220,10326,1290,8922"
15595,15595,"6971,5303,2140,8235,9799,4798,2380,8922,3055,12026"
15611,15611,"10607,4036,11298,5135,296,3697,11117,2916,13309,228"
15613,15613,"2218,8235,2140,5303,6971,2380,10835,9365,13346,5495"
15632,15632,"1558,9962,4163,4216,2957,5135,10674,8650,789,11775"
15633,15633,"6971,8590,2140,5303,7138,2218,6220,10326,1290,8922"
15639,15639,"6971,2140,5303,4798,851,8421,8161,6515,2380,9580"
15648,15648,"2140,4798,851,331,9580,4277,1776,1180,6971,8161"
15652,15652,"6971,8590,2140,5303,7138,2218,6220,10326,1290,8922"
15683,15683,"8235,6220,4413,6971,9799,7024,8922,8590,12026,13296"
15688,15688,"6220,10835,3870,7707,3950,9729,2218,5545,1598,9942"
15703,15703,"11622,11751,12632,3950,4413,4947,6982,11784,5673,11540"
15708,15708,"6971,5999,5303,3950,8235,4413,2218,4117,7578,4053"
15714,15714,"8421,8590,2140,6220,331,544,10326,13296,6971,5303"
15719,15719,"5303,2140,8421,4277,7063,10326,9580,12990,331,9880"
15727,15727,"8235,5303,8922,2140,9668,9799,9306,6971,4101,2380"
15728,15728,"1290,7120,10663,12497,12030,296,4929,3697,2916,4387"
15735,15735,"8421,2140,1776,4798,12990,10326,12404,5303,12857,1813"
15736,15736,"12946,10950,11590,8746,10352,7899,13324,1030,8156,4105"
15739,15739,"6971,2140,5303,8590,8922,7138,2291,2218,9799,8235"
15742,15742,"2140,7138,2218,8235,5303,9306,11540,6971,9454,976"
15764,15764,"6971,8590,2140,5303,7138,2218,6220,10326,1290,8922"
15773,15773,"2140,13346,10670,7558,1763,3232,6506,4838,5303,9306"
15774,15774,"6971,8590,2140,5303,7138,2218,6220,10326,1290,8922"
15786,15786,"8590,6971,5303,9799,2218,6220,1290,8235,1863,8922"
15789,15789,"2140,8421,4277,851,10326,7138,8590,4798,331,6515"
15796,15796,"6971,8590,2140,5303,7138,2218,6220,10326,1290,8922"
15800,15800,"8421,6971,5303,5999,2140,10326,4798,331,9799,1776"
15802,15802,"789,1290,9962,5135,7120,4929,10663,13309,6243,3697"
15812,15812,"2140,8421,12404,12990,851,2411,4798,1776,9340,10326"
15815,15815,"789,5135,9962,13309,1290,4163,6971,296,7120,1558"
15828,15828,"7138,8421,3950,8562,11384,5545,2140,12857,4277,6220"
15831,15831,"7679,12339,2218,2989,5494,9553,134,2920,8714,4576"
15840,15840,"2140,4277,8590,7138,350,10326,2218,11384,8421,220"
15845,15845,"11540,2140,8421,8161,12857,4413,2380,10916,12990,8562"
15847,15847,"7362,8235,4947,3909,121,6395,11261,76,10529,8145"
15856,15856,"6971,8590,2140,5303,7138,2218,6220,10326,1290,8922"
15861,15861,"6971,8590,2140,5303,7138,2218,6220,10326,1290,8922"
15862,15862,"1290,9962,789,7120,5135,12497,4929,10663,6971,296"
15871,15871,"4602,6041,3870,8681,11289,9600,12029,10224,4946,64"
15872,15872,"7707,8562,8590,2218,12606,13296,6220,11540,560,10326"
15883,15883,"1290,789,7120,9962,11117,5135,13309,12030,3697,10663"
15886,15886,"1863,3487,5976,779,589,10429,1983,5962,11103,12606"
15888,15888,"8562,13296,9799,2380,2218,11289,3950,8590,6220,11540"
15898,15898,"8421,6971,10326,9580,2140,331,5303,4798,8161,1180"
15919,15919,"6971,8590,2140,5303,7138,2218,6220,10326,1290,8922"
15922,15922,"1290,5135,7120,10663,13309,6811,9866,3697,12497,296"
15931,15931,"6971,8590,2140,5303,7138,2218,6220,10326,1290,8922"
15941,15941,"6971,8590,2140,5303,7138,2218,6220,10326,1290,8922"
15943,15943,"2140,5303,8421,4798,851,8161,8022,10340,2291,2169"
15956,15956,"6971,5303,10835,6220,8235,12026,7558,2380,8562,2140"
15958,15958,"1290,6971,5303,2140,8590,7120,6220,13296,8922,9799"
15960,15960,"5303,2140,6971,2218,2380,5485,6220,4414,6638,13296"
15973,15973,"6971,8590,2140,5303,7138,2218,6220,10326,1290,8922"
15977,15977,"1290,10663,7120,4929,5135,789,296,3697,6243,9962"
15994,15994,"4413,9799,11622,7723,11751,3870,4602,454,12606,3950"
15995,15995,"1290,789,7120,4929,5135,13309,296,10663,6243,3697"
15996,15996,"2140,8421,6220,5303,2777,4277,4798,13296,4322,9455"
15999,15999,"2140,2380,11540,5303,8562,6971,13346,8421,12026,10326"
16060,16060,"2140,8421,12990,5303,13346,2380,3950,11843,12857,4798"
16069,16069,"3950,2218,11540,11772,5177,220,8413,3491,2108,10326"
16076,16076,"6971,8590,2140,5303,7138,2218,6220,10326,1290,8922"
16085,16085,"4097,478,1625,4063,9742,2164,6883,12339,11999,7417"
16089,16089,"8703,8590,9668,5549,7637,6971,5303,8922,6166,5149"
16097,16097,"8421,2140,5303,6971,10326,8590,12990,9580,331,7138"
16112,16112,"4413,13296,11289,9799,11622,11784,4798,2380,10326,6925"
16116,16116,"8421,331,10326,5303,4798,4322,4277,9580,2140,12990"
16137,16137,"2140,6971,5303,4798,2380,9799,8922,7138,10326,8421"
16150,16150,"6971,8590,2140,5303,7138,2218,6220,10326,1290,8922"
16174,16174,"3689,760,7705,76,10128,7194,12575,12606,10034,3428"
16176,16176,"6971,8590,2140,5303,7138,2218,6220,10326,1290,8922"
16210,16210,"1290,7120,4929,6971,10663,9962,8590,789,13309,6243"
16212,16212,"5999,3950,10326,8421,4798,4117,331,8562,12990,5532"
16230,16230,"6971,5303,2140,8590,8922,12026,2218,9799,6220,13296"
16245,16245,"6971,8590,2140,5303,7138,2218,6220,10326,1290,8922"
16293,16293,"2140,3950,2380,8562,13346,8421,6220,12026,6515,4277"
16299,16299,"11024,789,1290,10607,5135,6610,5672,9962,7120,10389"
16300,16300,"1863,10429,2327,12606,1669,3487,3122,8703,7792,8981"
16303,16303,"2218,2140,3950,5303,12990,6220,11540,10326,2380,1478"
16305,16305,"6971,8590,2140,5303,7138,2218,6220,10326,1290,8922"
16314,16314,"10326,8421,8590,4798,12990,4277,4025,331,6326,3950"
16328,16328,"8560,2773,11024,5969,11143,4466,9962,296,2826,1558"
16340,16340,"1290,9962,789,5135,10663,7120,4929,13309,10336,2916"
16351,16351,"6971,8590,2140,5303,7138,2218,6220,10326,1290,8922"
16363,16363,"6971,5303,4482,2337,9229,10340,5549,10326,10835,2218"
16376,16376,"7063,2140,5303,5819,7383,2218,275,560,11384,6971"
16387,16387,"6515,9880,3295,8421,13346,2140,7578,5303,10340,1180"
16395,16395,"6971,8590,2140,5303,7138,2218,6220,10326,1290,8922"
16414,16414,"6496,1432,7721,5241,1720,1020,373,6843,11468,10034"
16416,16416,"9306,4951,7383,10670,1763,10506,13214,8217,5946,383"
16418,16418,"8590,6971,8922,5124,7578,6220,3055,12026,8235,2990"
16471,16471,"11024,1851,4576,10607,10389,1290,5672,5135,7120,789"
16489,16489,"4413,2380,10340,12425,9799,11622,11772,1478,11751,6982"
16497,16497,"8590,6971,10326,8922,1634,13296,5303,6220,2218,8562"
16509,16509,"2140,6971,5303,8590,8421,10792,9799,2291,851,2380"
16510,16510,"2199,3950,2789,4413,4924,8018,4499,2990,454,6395"
16521,16521,"1290,10663,9962,7120,5135,4929,12497,2916,789,10607"
16524,16524,"11461,8540,6393,8876,8857,4832,12648,9516,13234,2334"
16582,16582,"5303,8235,2140,6220,6971,8562,2380,7986,5482,8922"
16592,16592,"6971,8235,2140,12026,89,12253,10835,5545,6638,10608"
16604,16604,"6971,8590,2140,5303,7138,2218,6220,10326,1290,8922"
16605,16605,"4576,3238,9730,11024,1290,11298,10389,6610,1244,4163"
16617,16617,"11024,7679,3222,1290,8714,9942,9732,6591,13296,4163"
16622,16622,"1851,5135,11024,4576,9962,4024,789,1290,4163,10336"
16624,16624,"8922,6971,8235,6166,2140,12026,7578,12944,5303,8590"
16628,16628,"13380,5999,4053,11357,3950,8084,11622,1408,8746,12611"
16633,16633,"1290,7120,4929,6243,2916,3697,4387,12030,5573,8567"
16646,16646,"6220,13296,9942,7707,12606,12775,7792,1863,3799,10835"
16651,16651,"2140,8421,6971,8590,4798,5303,10326,6220,13296,4277"
16654,16654,"6971,4117,2140,12026,5303,9799,10835,8562,8590,12793"
16673,16673,"2140,5303,2218,8562,2380,7138,8421,11540,6971,4413"
16675,16675,"6220,13296,8421,3870,2380,13346,7792,8633,4414,10326"
16677,16677,"6971,2140,5303,2380,9799,9668,4798,10608,8421,4101"
16679,16679,"6971,2140,6220,8590,9799,5303,8562,13296,2218,4277"
16686,16686,"789,9962,5135,11024,2831,1556,1851,10336,4163,10607"
16695,16695,"8421,3950,4798,2218,9580,12990,2140,4277,5303,10916"
16704,16704,"6971,8590,2140,5303,7138,2218,6220,10326,1290,8922"
16709,16709,"6220,11403,8235,3950,5545,4947,3909,12026,3055,11784"
16773,16773,"10326,5303,7578,3950,1634,8562,7707,5485,6326,2218"
16774,16774,"12857,4798,5022,12946,11181,393,5839,5811,12425,10326"
16797,16797,"3428,3799,4414,9600,4946,3870,6925,11289,12425,13110"
16803,16803,"5303,6971,4413,2218,8235,5875,7138,220,7715,2140"
16804,16804,"8421,4277,12990,1180,331,851,10326,9580,4798,10916"
16806,16806,"6971,2218,8590,2140,6220,275,5303,13296,9962,1290"
16810,16810,"12635,3428,64,9942,3482,12606,8158,5861,13110,12993"
16836,16836,"11453,10488,380,12566,1358,9337,11696,1331,10837,275"
16844,16844,"6971,8590,2140,5303,7138,2218,6220,10326,1290,8922"
16861,16861,"6971,8590,2140,5303,7138,2218,6220,10326,1290,8922"
16875,16875,"6971,5303,8922,2140,8590,3055,6220,2380,9580,8235"
16936,16936,"13346,8230,2905,9275,6134,811,4798,4277,3950,13324"
16946,16946,"8421,10326,4798,3295,331,10916,10138,9580,4277,12359"
16965,16965,"2140,4798,2380,5303,8421,9799,10326,13346,7138,4413"
16987,16987,"8421,2140,5303,4798,8161,851,6971,1776,12857,1180"
16988,16988,"8922,9799,6971,8590,6220,12026,3055,5303,5999,11784"
16989,16989,"3950,8421,2140,2199,2380,8562,12026,13346,8161,10326"
17007,17007,"9799,2140,9668,6971,4413,5303,4798,2380,12026,10140"
17016,17016,"4798,3950,8421,6326,1180,12990,5303,2140,9580,1408"
17030,17030,"2140,5303,8562,4924,2218,8421,6971,9880,7578,4798"
17034,17034,"8421,2140,5303,12990,11843,1776,4798,851,4277,10916"
17054,17054,"2218,2140,5303,6220,2380,4413,13346,7558,8421,3870"
17056,17056,"1328,4097,350,1432,10431,5241,4630,2506,716,13300"
17084,17084,"6971,8590,2140,5303,7138,2218,6220,10326,1290,8922"
17098,17098,"6971,8590,2140,5303,7138,2218,6220,10326,1290,8922"
17102,17102,"6971,8922,2140,8472,5303,11115,9799,8520,12026,8590"
17109,17109,"11622,10465,12425,10508,3950,4821,64,5811,11784,3340"
17112,17112,"6971,8590,2140,7138,2218,6220,10326,1290,8922,8421"
17119,17119,"6971,8590,2140,5303,7138,2218,6220,10326,1290,8922"
17124,17124,"6220,5303,9799,3870,2218,7707,1598,8562,4414,13296"
17141,17141,"9226,9488,7424,1715,5420,12946,1878,5184,3799,5304"
17160,17160,"4163,2957,5135,9962,10674,789,4664,83,8650,10336"
17179,17179,"4413,8562,11540,3870,1478,9799,3950,2218,12793,220"
17189,17189,"8421,4798,11843,10326,5303,6326,10916,12990,2140,1776"
17191,17191,"1286,6892,10589,12944,6220,7983,4430,8562,2140,8981"
17194,17194,"2140,2218,8421,2380,2158,10340,4798,1634,10326,11843"
17195,17195,"5999,11357,4053,785,7578,5532,3950,11712,1408,1100"
17200,17200,"1290,7120,10607,10663,4929,789,2916,9962,6610,4576"
17212,17212,"6220,8590,5303,13296,6971,9799,8421,2218,2140,2380"
17218,17218,"2218,2140,6220,7138,4277,3950,3870,13346,5545,8562"
17232,17232,"2770,350,6391,12733,2158,6060,3321,2506,2334,8149"
17242,17242,"8421,2140,4798,10326,6971,331,5303,9580,851,4277"
17255,17255,"4413,9799,11784,11622,13346,10835,8413,3870,3950,2990"
17262,17262,"789,10607,11024,83,5135,11298,9962,4576,6610,1851"
17275,17275,"3950,6220,2140,8562,11540,8421,4798,5545,10326,12990"
17276,17276,"5303,6971,9229,2218,2140,275,2380,6220,8421,8593"
17278,17278,"1863,1290,10607,11117,4576,5962,1400,296,7120,12030"
17283,17283,"2140,6971,5303,6515,7138,4277,2380,10326,2291,4798"
17284,17284,"2140,5303,976,8421,4798,2291,7138,4322,2380,6971"
17295,17295,"4277,7138,1210,10326,3950,8562,13249,3428,350,8421"
17298,17298,"1290,11024,7120,10607,4576,6610,11298,5135,789,83"
17319,17319,"6971,8590,2140,5303,7138,2218,6220,10326,1290,8922"
17320,17320,"6971,8590,2140,5303,7138,2218,6220,10326,1290,8922"
17325,17325,"6971,8235,9799,8922,5303,8590,2140,5999,12026,7578"
17330,17330,"1290,7120,789,296,4929,1400,4286,85,89,12030"
17334,17334,"9962,5135,83,4576,1851,2989,4664,4163,10607,789"
17346,17346,"4413,12606,7707,6220,7723,1487,7948,6166,2373,9942"
17352,17352,"2140,4798,5303,6971,2380,2264,851,4322,8590,8421"
17353,17353,"1290,7120,9962,5135,789,3697,11117,296,13309,12497"
17396,17396,"2140,4798,5303,12857,12875,8022,8421,12990,2380,9799"
17408,17408,"12417,9516,12927,12029,9165,5109,10352,6041,2164,12191"
17414,17414,"2140,976,5303,2220,6971,7138,8235,8421,4924,5999"
17422,17422,"6971,8590,2140,5303,7138,2218,6220,10326,1290,8922"
17424,17424,"2140,1912,8590,10326,7138,2169,12990,6588,11384,8421"
17427,17427,"1290,7120,789,5135,10663,4929,6243,9962,12030,296"
17432,17432,"8421,3950,5177,11540,10916,3870,811,220,11843,9455"
17434,17434,"2140,5303,6971,4798,851,6515,2291,9580,8421,8161"
17439,17439,"8235,10835,12026,6529,8590,13296,6971,5199,3950,4602"
17442,17442,"6971,5303,2140,4798,2380,8421,8590,9799,9580,8922"
17449,17449,"6220,2218,2140,5303,6971,4413,9799,10835,2380,8235"
17472,17472,"8590,7138,1210,9962,11969,6971,5135,2140,5999,1290"
17509,17509,"5135,9962,1290,789,13309,4576,4163,4664,10674,1244"
17522,17522,"4413,8235,10835,3870,5999,8562,11784,976,8333,3055"
17527,17527,"6971,8590,2140,5303,7138,2218,6220,10326,1290,8922"
17535,17535,"5135,2957,13309,7063,9866,9962,789,7597,9771,2264"
17540,17540,"5303,2140,7138,5999,1912,2291,8421,4798,7063,851"
17541,17541,"1290,10663,4929,2916,789,5135,9962,6243,3697,12497"
17551,17551,"1408,976,13257,2140,8421,4315,1180,4404,5497,220"
17564,17564,"6971,8590,2140,5303,7138,2218,6220,10326,1290,8922"
17565,17565,"13100,12824,1377,8093,12648,134,2432,8857,3733,8540"
17581,17581,"2218,2140,5303,12404,10835,12793,5610,2158,2380,10326"
17596,17596,"220,1912,8421,976,5303,6513,2140,7138,13257,1996"
17601,17601,"4413,1937,11622,2789,11784,10340,3950,11540,6982,12425"
17611,17611,"2140,6982,11622,4798,9799,3106,10340,8205,11540,4315"
17612,17612,"6971,8590,2140,5303,7138,2218,6220,10326,1290,8922"
17620,17620,"6220,3870,4602,3950,8235,8562,12026,6529,1598,2990"
17627,17627,"6971,5303,2140,2291,7138,10608,2218,8053,5999,10340"
17634,17634,"5303,6971,2218,8590,2140,5549,9799,13296,2380,6166"
17649,17649,"4277,8421,717,10326,8230,9340,12857,12990,9178,12404"
17654,17654,"220,2218,5303,2140,8235,3950,7578,5819,976,1912"
17659,17659,"10589,4101,4696,4430,11077,8235,12943,4985,10881,8413"
17666,17666,"1290,7120,4929,8590,6971,10663,544,2343,6220,8922"
17674,17674,"6971,8590,2140,5303,7138,2218,6220,10326,1290,8922"
17684,17684,"6220,3870,5545,2343,11289,992,12606,5532,1079,3950"
17708,17708,"2140,4798,9473,10326,732,976,11540,7138,8421,12857"
17709,17709,"6971,8590,2140,5303,7138,2218,6220,10326,1290,8922"
17741,17741,"12026,5303,7715,2140,9668,2380,10340,4101,9886,11540"
17752,17752,"118,10739,4609,5249,9482,8976,10974,5901,6150,13383"
17765,17765,"2343,4388,6220,8608,6834,5199,5532,3909,8922,1100"
17770,17770,"8703,7637,2373,9668,6893,9564,1863,1487,13255,8035"
17814,17814,"2140,3870,2380,8421,8562,2218,9799,3950,4413,13346"
17818,17818,"6971,8590,2140,5303,7138,2218,6220,10326,1290,8922"
17822,17822,"1290,7120,9405,296,1321,7471,10147,5544,418,11117"
17826,17826,"8421,8590,2140,6971,10326,2218,9580,7138,6220,4277"
17827,17827,"1290,10663,7120,4929,9962,12497,5135,6243,2916,3697"
17840,17840,"6971,13296,8590,6220,5303,9799,2140,8922,10326,2218"
17843,17843,"2218,6220,3870,11772,4413,2380,9799,1286,5545,13296"
17864,17864,"6971,8590,2140,5303,7138,2218,6220,10326,1290,8922"
17871,17871,"6342,8703,9668,9043,3088,13314,383,7706,1863,6892"
17881,17881,"2140,7138,976,2218,2291,7063,5303,8590,220,11871"
17928,17928,"1290,8590,6971,5303,12030,7120,4929,8922,7138,2218"
17931,17931,"10739,10431,10974,1219,363,6150,8257,5249,10732,3570"
17933,17933,"3950,8235,8413,11622,11289,4413,11784,4117,3340,4602"
17953,17953,"7707,9064,6187,9942,13296,2380,12026,8980,341,10835"
17970,17970,"8235,11540,10835,12944,8413,4924,5545,4413,12665,2218"
17977,17977,"6971,8590,2218,2140,5303,8235,9229,275,8922,7138"
17982,17982,"9962,1290,7120,10663,7817,4929,6243,2916,12497,3886"
17995,17995,"1290,12030,7120,11117,5135,6971,4929,8302,789,10322"
18002,18002,"8590,6971,2140,5303,10326,2218,8421,4798,7138,4277"
18006,18006,"2164,1377,1129,13262,12824,12730,3733,8590,1328,10312"
18023,18023,"2291,12871,13214,8402,383,2140,7439,5946,362,4877"
18024,18024,"2291,9771,7439,4877,2140,5747,5303,5946,10462,2264"
18047,18047,"6971,8590,2140,5303,7138,2218,6220,10326,1290,8922"
18050,18050,"2218,6971,9229,6220,8235,5303,8922,1453,10835,4576"
18078,18078,"8421,4798,1634,12990,10326,1180,9580,8161,851,9880"
18086,18086,"1290,789,9962,7120,6971,13309,5135,296,8590,13296"
18093,18093,"1290,4163,10674,5135,789,10607,11298,1558,6610,4664"
18115,18115,"4853,8590,2218,4043,380,828,2337,1020,3057,6220"
18122,18122,"8703,6166,7637,4698,6971,2020,8981,9668,8922,9799"
18124,18124,"6971,9229,9306,8590,2140,789,4877,8922,4286,275"
18127,18127,"4163,2957,8650,1558,6591,5135,789,83,9962,10674"
18133,18133,"3950,8421,4798,5999,11540,6326,6220,8562,12990,11843"
18148,18148,"2140,2218,3870,6220,2380,4413,10835,220,5303,8421"
18155,18155,"5325,2140,8340,7138,4915,12378,986,12314,9473,2163"
18158,18158,"5280,997,11572,3525,10950,12611,2905,11726,7899,1788"
18166,18166,"2140,5303,5999,11540,6971,2218,2380,4798,4413,8421"
18167,18167,"2140,6971,5303,8562,4277,4798,8421,2380,9799,8590"
18169,18169,"9306,7383,275,2140,2065,7341,383,2300,5731,2899"
18175,18175,"6529,7024,12662,1571,11870,3909,10153,11403,10835,11815"
18178,18178,"3950,5964,3428,9600,3870,4414,1478,4947,5145,3340"
18214,18214,"6971,8590,2140,5303,7138,2218,6220,10326,1290,8922"
18217,18217,"2140,8421,2218,5303,7138,10326,11540,976,8562,6971"
18226,18226,"6971,8590,2140,5303,7138,2218,6220,10326,1290,8922"
18229,18229,"6971,2140,4101,5303,4798,2199,560,1634,10326,4915"
18236,18236,"8590,13296,2140,6971,10326,5303,2218,4798,6220,10241"
18240,18240,"3950,10835,8235,3870,9600,6220,220,4946,11800,11289"
18262,18262,"3870,6220,2218,13296,7707,12606,9729,4946,10835,4413"
18266,18266,"1290,2916,10663,10607,5135,9962,789,4929,13309,12497"
18272,18272,"3950,5999,12793,11357,9799,4413,4199,8562,4053,4798"
18292,18292,"6971,9799,2140,5303,4798,2380,4413,8590,8421,6166"
18299,18299,"6971,8590,2140,5303,7138,2218,6220,10326,1290,8922"
18321,18321,"7063,2140,7383,275,2218,7138,5303,2291,9306,6971"
18338,18338,"5303,2218,4413,2380,2140,3870,6220,13346,4414,6638"
18339,18339,"2140,6971,8421,9580,5303,4798,8161,851,6515,1180"
18341,18341,"8235,4452,1156,8413,9454,12026,10340,7723,3088,7024"
18355,18355,"1290,789,9962,7120,5135,4929,10663,6243,13309,296"
18364,18364,"4413,9799,13296,6971,2140,8235,9668,5422,5999,6220"
18368,18368,"2218,714,9340,275,13310,811,220,652,2140,9072"
18393,18393,"6971,5303,4277,8922,2140,1978,6529,9132,89,5485"
18409,18409,"6971,8590,2140,5303,7138,2218,6220,10326,1290,8922"
18434,18434,"8421,4798,331,2140,9580,10326,5303,1776,6971,851"
18440,18440,"5545,4414,9942,1254,64,6220,3870,3428,11800,9600"
18446,18446,"331,1180,851,8421,8161,4277,9328,9848,9580,11843"
18467,18467,"6971,8590,2140,10326,5303,10835,13296,6220,544,8922"
18475,18475,"1290,89,7471,5142,7120,4036,789,10464,11117,296"
18487,18487,"6220,1156,8922,1863,11403,7707,3055,13296,8590,8235"
18489,18489,"12898,10431,1328,5861,714,64,13310,3321,9275,4097"
18499,18499,"6971,8590,2140,5303,7138,2218,6220,10326,1290,8922"
18505,18505,"2140,6971,5303,8421,2380,2218,9799,7138,6220,4798"
18525,18525,"10326,8590,8421,9580,4277,6971,12990,8922,13296,331"
18530,18530,"6971,2140,8421,5303,10326,8590,7138,13346,8562,4798"
18539,18539,"6971,1290,13296,9799,5303,9668,8703,589,7120,7706"
18546,18546,"6971,8590,2140,5303,7138,2218,6220,10326,1290,8922"
18579,18579,"6971,8590,2140,5303,7138,2218,6220,10326,1290,8922"
18585,18585,"4117,5532,3909,11712,10835,4199,5999,11289,2822,8235"
18595,18595,"8421,10326,6220,4277,1978,2140,5303,2380,12990,5485"
18648,18648,"3950,11772,5177,237,4323,4090,4453,4243,12813,3491"
18679,18679,"8235,7024,5875,11403,12662,4413,5524,12579,7289,8413"
18683,18683,"6971,13296,8590,1863,1290,6220,12606,7792,7120,9799"
18687,18687,"6971,8590,2140,5303,7138,2218,6220,10326,1290,8922"
18718,18718,"6220,9799,2218,7707,4413,13296,2380,3870,2140,4414"
18741,18741,"7532,3950,4915,3428,11784,8562,13346,11540,9361,11622"
18760,18760,"2591,1290,11024,82,12995,3487,12903,13167,7679,6610"
18771,18771,"6971,8590,2140,5303,7138,2218,6220,10326,1290,8922"
18787,18787,"2140,8421,6971,5303,331,9580,8590,4798,851,4277"
18788,18788,"4413,9799,5303,2380,4798,2140,11751,1478,12331,11784"
18789,18789,"6971,8590,2140,5303,7138,2218,6220,10326,1290,8922"
18798,18798,"6971,5303,2140,8590,6220,2218,7138,8421,275,10326"
18800,18800,"6220,8590,5545,10835,2343,2218,13296,1210,7138,2903"
18805,18805,"6971,8590,2140,5303,7138,2218,6220,10326,1290,8922"
18806,18806,"789,4163,9962,10336,2957,1851,11024,8650,12869,6811"
18812,18812,"7024,8235,6971,4413,12944,11403,2218,8922,9799,5875"
18818,18818,"8857,8054,5822,10418,11461,5845,4832,1377,8540,2164"
18830,18830,"4413,5303,9799,8235,2140,8562,2380,11622,10340,2199"
18835,18835,"1290,7120,10607,6610,2916,296,10663,13309,4664,789"
18839,18839,"6971,8590,2140,5303,7138,2218,6220,10326,1290,8922"
18851,18851,"1290,6971,2218,5303,12030,11117,4576,9799,4430,560"
18854,18854,"6971,3055,9799,4798,2199,4101,10326,8161,1100,8421"
18864,18864,"2140,5303,3950,7138,8421,5999,4277,6220,6971,4798"
18865,18865,"7063,2140,6971,275,6529,5303,2291,9306,12026,2380"
18874,18874,"1290,7120,5135,789,9962,13309,2916,10663,4929,12497"
18875,18875,"5999,4798,11540,3950,10340,5303,8562,10326,976,1996"
18879,18879,"9375,5105,3505,10680,3798,2769,9516,7739,1521,2920"
18882,18882,"6971,8590,2140,5303,7138,2218,6220,10326,1290,8922"
18895,18895,"8235,3950,4947,6220,3909,4602,6529,2990,3055,2199"
18903,18903,"6220,2140,13296,5303,8421,2218,275,10326,8590,12404"
18913,18913,"6971,2140,5303,4798,2380,8421,10326,9799,2218,7138"
18934,18934,"1290,789,9962,5135,7120,13309,4929,10663,10336,6243"
18935,18935,"6971,1290,8590,8922,7120,13296,9799,6243,10663,4929"
18981,18981,"6971,8590,6220,1290,5303,2218,2140,5545,8922,7138"
18985,18985,"6971,1290,8922,8590,5303,7120,9799,6220,4929,13296"
18987,18987,"7120,5135,9962,13309,12497,6243,296,2916,12030,13101"
18990,18990,"6971,2380,5303,6220,12026,8922,8421,13296,2218,5999"
18996,18996,"8235,2218,11784,7578,12026,8562,2140,9454,7138,12579"
19010,19010,"8421,331,4798,12990,4974,10326,12857,4277,851,10916"
19016,19016,"1290,5135,789,4664,13309,9962,4576,7120,2916,10607"
19018,19018,"4413,8235,2140,11540,9799,7723,5303,6982,10340,11622"
19029,19029,"2140,5303,8421,5999,3950,9799,4798,12990,6326,8562"
19060,19060,"5545,11024,4576,8607,3238,1079,12339,9553,9730,9600"
19069,19069,"1290,4929,10663,6971,7120,6243,12497,8590,8922,12030"
19084,19084,"2140,8421,4277,5303,12990,10326,9580,2218,2380,4798"
19086,19086,"6971,8590,2140,5303,7138,2218,6220,10326,1290,8922"
19105,19105,"1290,7120,10663,2916,6243,4929,12497,12030,3697,5573"
19110,19110,"5135,789,4163,9962,5008,5075,8650,4613,2957,13309"
19135,19135,"10352,8092,1916,9516,8093,11224,4399,12824,9568,2770"
19144,19144,"6971,2218,4413,5303,8235,9799,6220,2140,13296,2380"
19154,19154,"6971,8590,2140,5303,7138,2218,6220,10326,1290,8922"
19168,19168,"8421,4277,10326,13296,12990,2140,8590,6220,331,5303"
19173,19173,"2218,8235,2140,5303,8922,6971,4430,10835,89,6220"
19187,19187,"6971,5303,2140,8590,9799,2218,8922,6220,7487,2380"
19216,19216,"7138,8590,350,2218,1210,8331,9422,8235,9072,2903"
19227,19227,"11772,4413,12606,3870,6982,12632,7024,11622,64,2218"
19231,19231,"8421,2140,6326,5303,4798,9580,10326,10916,11843,10340"
19234,19234,"1290,11024,5135,7120,4576,10607,9962,789,10663,13309"
19255,19255,"10326,8590,6971,9580,2140,8421,5303,13296,1634,4277"
19258,19258,"3950,8413,7705,3340,5999,11540,13346,5610,5495,7578"
19266,19266,"1290,7120,10663,89,296,13296,6243,4929,8590,8567"
19296,19296,"6971,8590,2140,5303,7138,2218,6220,10326,1290,8922"
19297,19297,"1625,478,4063,2334,6071,350,4730,8540,12873,11999"
19308,19308,"8235,7024,7578,12944,3950,2218,8413,12579,10835,2990"
19323,19323,"10352,632,8540,6952,4832,8054,5217,5155,6815,711"
19346,19346,"12990,8421,10326,5303,13296,6326,11843,4798,1776,10916"
19347,19347,"7138,5303,2218,6971,2140,3055,8235,8590,8421,6220"
19360,19360,"1290,5135,789,10607,10147,4036,10464,7120,296,5142"
19364,19364,"6971,8590,6220,5303,10835,5999,13296,8922,9799,4266"
19378,19378,"3950,4798,8421,9449,9443,12857,11784,2789,11622,12632"
19379,19379,"6971,8590,2140,5303,7138,2218,6220,10326,1290,8922"
19380,19380,"8590,8421,4798,2140,9580,10326,5303,7138,4315,4277"
19381,19381,"8421,12990,10326,851,1776,331,4277,4798,2140,9580"
19384,19384,"2380,13296,2218,5303,5485,6971,6220,9799,8922,10326"
19385,19385,"12606,13296,2218,2373,8235,5762,11103,1863,5149,8590"
19388,19388,"1290,5135,7120,9962,10607,789,11775,296,10663,4929"
19406,19406,"8421,2140,5303,851,4798,8161,10326,9580,4277,1776"
19408,19408,"6971,8590,2140,5303,7138,2218,6220,10326,1290,8922"
19415,19415,"6971,8590,2140,5303,7138,2218,6220,10326,1290,8922"
19417,19417,"6971,8922,8590,6220,8235,2218,5303,13296,2140,12944"
19434,19434,"6971,8590,2140,5303,7138,2218,6220,10326,1290,8922"
19441,19441,"2140,8421,3950,5999,11540,5303,9799,4413,8562,10326"
19461,19461,"1290,8590,7120,2916,10663,12497,9962,13309,4929,6971"
19474,19474,"8235,4413,10835,2218,3870,3950,5303,6220,2140,220"
19477,19477,"6971,8590,2140,5303,7138,2218,6220,10326,1290,8922"
19484,19484,"1290,4576,6610,11024,11298,7120,5135,789,10607,9962"
19502,19502,"2140,6971,7138,2218,4277,8590,10326,5303,8562,4798"
19503,19503,"6220,5545,13296,89,560,8590,4946,3870,6971,4413"
19512,19512,"6971,5303,2140,8421,8590,7138,9580,4798,851,2291"
19515,19515,"6971,8590,2140,5303,7138,2218,6220,10326,1290,8922"
19518,19518,"5303,2218,6971,2140,9799,2380,6220,4413,8235,8922"
19530,19530,"2140,6971,5303,9799,8590,8922,2380,4798,12026,10326"
19559,19559,"1290,7120,789,9962,4576,4929,544,8590,10607,296"
19576,19576,"6971,5303,8235,2140,8922,6166,8590,9799,2220,8520"
19586,19586,"2777,8590,13296,10140,1377,11798,4413,9799,5386,11667"
19594,19594,"1290,6971,8922,6220,8590,12026,89,7120,4929,8235"
19605,19605,"1290,6971,8590,2140,5303,6220,12497,2218,1244,7138"
19618,19618,"6971,275,7138,4576,8590,2218,1210,716,5303,11969"
19620,19620,"9799,6971,5303,4413,9668,2140,4430,12026,4698,2380"
19623,19623,"4277,13296,8562,4413,6220,8421,2140,3950,4798,12990"
19628,19628,"6971,8922,8590,9799,12026,5303,4798,5999,8235,13296"
19631,19631,"7120,4929,789,296,6971,10663,13309,9962,8590,6243"
19642,19642,"3950,5999,5964,2822,13346,5532,3799,4199,11712,10063"
19644,19644,"2291,4877,2140,5303,9306,6971,7439,5747,7138,13214"
19648,19648,"6971,8590,2140,5303,7138,2218,6220,10326,1290,8922"
19665,19665,"2140,6591,9340,1558,9942,5731,6220,8421,11967,10326"
19683,19683,"1290,9962,10607,11298,5135,10663,12497,11775,789,9348"
19684,19684,"6971,8590,2140,5303,7138,2218,6220,10326,1290,8922"
19693,19693,"3950,8018,4915,8421,12779,4924,7138,2218,10326,4482"
19696,19696,"9799,6971,6166,4413,4430,7707,8922,8235,4101,3138"
19707,19707,"4798,851,8421,8161,1180,331,9580,5303,2140,11282"
19715,19715,"5999,2140,6515,12793,8421,4798,4117,2905,6971,2380"
19716,19716,"1290,7120,13309,12497,296,6811,10336,4664,10607,11298"
19729,19729,"1290,6971,5303,8590,7120,2140,13296,13309,789,296"
19734,19734,"5303,2140,2218,8421,6971,2380,1634,13346,10924,9229"
19758,19758,"6971,8590,2140,5303,7138,2218,6220,10326,1290,8922"
19764,19764,"6971,5303,2218,2380,8922,9799,6220,8590,12026,13296"
19773,19773,"1290,10607,4576,11024,8714,4664,4036,6610,11298,1779"
19778,19778,"8562,11540,2218,2140,9799,4413,8590,5303,6220,8235"
19780,19780,"6971,8590,2140,5303,7138,2218,6220,10326,1290,8922"
19784,19784,"12029,9516,6402,3077,3509,7196,64,10352,4399,1848"
19786,19786,"8421,3950,12990,811,331,10916,6326,4798,13296,6220"
19793,19793,"8421,5303,4798,6326,1634,12990,3950,2380,11843,13114"
19798,19798,"2140,2218,2380,5545,3950,5485,10326,11384,8562,12990"
19808,19808,"5999,11396,10473,4947,1408,3950,2199,6395,7578,5303"
19812,19812,"5135,789,7120,5142,2916,6243,4036,6864,1290,10607"
19821,19821,"4915,1426,11772,12606,5120,11540,6260,4623,4786,5610"
19830,19830,"6971,8590,2140,5303,7138,2218,6220,10326,1290,8922"
19843,19843,"8421,2140,331,851,9328,4277,4798,2158,10326,9580"
19867,19867,"1290,6220,6971,8590,13296,5303,8922,2218,2140,9799"
19889,19889,"3950,6220,11540,4007,2497,5545,13296,2218,121,5303"
19893,19893,"9942,6220,12606,4946,7792,13296,5420,89,10071,2870"
19898,19898,"9962,1290,4576,4216,10997,5135,1558,2957,4664,11775"
19902,19902,"3960,10352,9817,9375,7486,6952,9165,3359,11395,2770"
19905,19905,"8421,8590,4798,10326,12990,811,3950,13296,6326,9580"
19910,19910,"5166,8421,1715,5420,4025,3950,4853,8018,6902,8362"
19929,19929,"11772,13110,7707,12606,9365,2140,3870,5022,13296,8421"
19932,19932,"1290,7120,9962,10607,4929,789,10663,5135,11298,296"
19952,19952,"5905,11869,7707,10589,10479,3618,5048,5542,4482,11397"
19956,19956,"4798,8421,331,5303,5999,2140,6971,10326,8590,9580"
19987,19987,"2140,5303,6971,8590,9799,8922,5999,12680,13296,4798"
20008,20008,"6971,8590,2140,5303,7138,2218,6220,1290,8922,8421"
20018,20018,"11622,6982,4413,11784,2199,5673,3950,8413,11795,10340"
20019,20019,"1290,6971,789,7120,89,544,8714,296,4576,10607"
20020,20020,"1290,10663,6243,4929,7120,12497,2916,8567,13101,12030"
20023,20023,"3950,5999,11622,10340,2140,11751,9443,2789,8413,6982"
20031,20031,"12606,8235,2218,89,6220,9942,7024,4576,3870,10429"
20039,20039,"6220,5545,3870,13296,9799,4413,4199,5485,1598,6925"
20040,20040,"6971,4798,5303,331,8421,9580,2140,851,6515,2380"
20041,20041,"6971,8590,2140,5303,7138,2218,6220,10326,1290,8922"
20045,20045,"8421,4798,10916,3950,6326,11843,8161,13346,8483,1180"
20056,20056,"1290,6971,8590,8922,5303,9799,6220,7120,10663,4929"
20069,20069,"8235,2218,6220,10835,2140,7024,3870,89,8590,12606"
20074,20074,"3950,4118,4602,11289,3870,3799,12417,11590,220,1377"
20083,20083,"10730,3428,12635,1323,3870,5166,5837,714,12387,9340"
20085,20085,"10607,1290,9962,5135,4036,789,7120,296,11775,3539"
20086,20086,"8235,9454,4413,2218,5549,11540,12944,9799,7024,12579"
20089,20089,"6971,5303,2140,8922,9799,8590,8235,2380,2218,6166"
20101,20101,"2140,5303,4798,2380,8421,8161,851,9799,6515,10326"
20104,20104,"12815,3342,10739,7325,8257,8159,1219,8612,2782,11999"
20112,20112,"5303,2218,4413,6220,2380,2140,3870,10326,275,4414"
20115,20115,"2140,5303,6971,7138,8421,2380,10326,976,8590,4798"
20133,20133,"1290,789,5135,13309,7120,10663,4929,2916,12497,10336"
20136,20136,"6971,8590,2140,5303,7138,2218,6220,10326,1290,8922"
20138,20138,"5135,1290,9962,789,3697,10607,7120,6811,4036,4576"
20162,20162,"5303,2140,6971,9799,10326,4798,2380,1634,8421,8590"
20176,20176,"6971,9799,2140,8590,8922,4798,2380,8235,12026,2218"
20200,20200,"2140,9306,5303,7138,5819,10326,6220,10594,5485,6971"
20222,20222,"9306,2291,13214,8402,3064,2300,7383,7439,2149,5939"
20251,20251,"6515,2140,1180,8161,5303,4798,6971,9580,851,8421"
20256,20256,"8235,2380,8413,2218,7024,11540,7578,855,7705,6971"
20264,20264,"8421,851,4798,331,10326,12857,12990,1180,11843,2140"
20280,20280,"8421,5303,2140,9580,8590,4798,6971,331,851,7138"
20286,20286,"4576,11024,8590,1290,2989,9962,11775,10607,6220,1779"
20323,20323,"1290,5135,11117,9962,7120,789,10607,11775,3697,296"
20324,20324,"1290,6971,7120,2916,12497,11117,13309,12030,5303,3697"
20336,20336,"1290,9962,5135,789,10607,1779,11024,4576,9295,11298"
20339,20339,"4413,9799,2140,2380,8235,6166,12606,5303,4430,2218"
20344,20344,"2140,9668,13309,5135,789,8703,9564,3122,10241,10608"
20356,20356,"4025,10326,6925,811,3950,13363,13296,2411,12768,8454"
20360,20360,"11844,1290,7792,11103,9882,1669,7120,2616,2939,1863"
20362,20362,"6971,5303,8235,9799,8590,5999,2218,4413,2140,12026"
20376,20376,"8590,6971,7138,1290,4929,2916,13309,9962,7120,4576"
20381,20381,"2140,6971,5303,10326,4798,7138,8421,4277,8590,9580"
20394,20394,"7120,296,10607,4929,10663,789,12497,9962,5135,1244"
20397,20397,"6971,8590,2140,5303,7138,2218,6220,10326,1290,8922"
20407,20407,"2140,2218,8421,11540,2380,5303,8562,12857,12990,3950"
20413,20413,"1290,789,5135,7120,9962,4929,10963,296,10663,10607"
20433,20433,"1290,9962,789,5135,7120,13309,10663,10336,12497,3697"
20448,20448,"6971,8590,2140,5303,7138,2218,6220,10326,1290,8922"
20492,20492,"6971,8590,2140,5303,7138,2218,6220,10326,1290,8922"
20505,20505,"1290,7120,9962,10663,789,5135,2916,6243,13309,3697"
20512,20512,"4798,3950,8421,13346,10326,1634,2140,5999,5303,12857"
20514,20514,"6971,8590,2140,5303,7138,2218,6220,10326,1290,8922"
20533,20533,"2140,8421,5303,275,8590,6971,10326,2218,4277,9072"
20543,20543,"8590,2140,4798,6971,8421,5303,10326,1290,12990,9580"
20546,20546,"8421,4798,2140,9580,331,5303,10326,11843,1180,10916"
20557,20557,"3950,2380,10986,3870,13346,13110,11751,7558,3428,5545"
20558,20558,"8421,5303,10326,2140,7138,4798,2218,8590,6971,2380"
20561,20561,"5303,2218,4413,2140,6220,11540,10340,9799,2380,8421"
20566,20566,"1290,9962,789,544,13309,5135,6971,13296,7120,8590"
20573,20573,"11024,1779,4036,11001,4576,12339,12995,3222,640,7937"
20623,20623,"6971,1290,8590,13296,5303,9799,2140,6220,7948,8922"
20627,20627,"6971,8590,2140,5303,7138,2218,6220,10326,1290,8922"
20643,20643,"6971,5303,2140,8590,8922,9799,2291,7138,9580,1662"
20645,20645,"1290,789,5135,7120,4929,13309,10663,12497,296,6243"
20652,20652,"2140,8590,2218,5303,7138,6971,8922,6220,976,2380"
20654,20654,"8421,331,4277,4798,12990,9580,10326,1776,851,10916"
20667,20667,"6971,1290,8922,8590,4929,12030,10663,6243,7120,5573"
20670,20670,"8590,2218,5303,6220,3950,6971,10835,8235,10326,7138"
20671,20671,"6971,8590,2140,5303,7138,2218,6220,10326,1290,8922"
20676,20676,"4413,6982,8235,12156,7715,10140,2140,9637,6342,12989"
20694,20694,"6220,544,5303,4277,8590,1290,8421,13296,8922,11024"
20709,20709,"2140,6971,5303,8421,8590,4798,9580,2380,9799,8922"
20716,20716,"976,9880,1408,9473,8421,12779,2140,7578,6751,4924"
20739,20739,"6971,8590,2140,5303,7138,2218,6220,10326,1290,8922"
20763,20763,"6971,5303,2140,8922,8590,13296,5999,12680,2218,6220"
20779,20779,"6971,8590,2140,5303,7138,2218,6220,10326,1290,8922"
20781,20781,"2140,6971,5303,976,2380,7138,9799,4413,8235,8562"
20790,20790,"6971,8590,2140,5303,7138,2218,6220,10326,1290,8922"
20792,20792,"8421,5303,4798,10326,2140,9580,12990,1180,11282,1634"
20797,20797,"6971,8590,2140,5303,7138,2218,6220,10326,1290,8922"
20811,20811,"5303,6971,9799,2140,12026,6166,8922,4413,5549,6220"
20821,20821,"1851,11024,83,4024,4576,11918,7679,4163,5135,1779"
20830,20830,"2218,5303,8590,8421,2140,9072,12779,560,1634,6220"
20861,20861,"6971,6220,8235,2343,12026,13296,2218,8562,4413,12665"
20878,20878,"7901,12529,5005,10950,7039,12297,3182,12946,2362,2191"
20891,20891,"8235,7024,5875,6509,11403,5524,12662,3909,1571,11870"
20895,20895,"6220,2218,2140,8562,11540,3950,5303,4413,5999,3870"
20901,20901,"2140,8421,2380,5303,10326,6326,11843,13346,2337,12680"
20908,20908,"8590,1290,13296,6971,4277,2140,4798,6220,5303,10326"
20928,20928,"1290,4929,7120,10663,6243,5135,12030,5573,4387,789"
20945,20945,"5303,2140,6971,6220,8590,9799,2380,13296,8421,8562"
20971,20971,"10326,11282,8421,9580,4798,9880,8161,1180,3295,2140"
20979,20979,"2140,5303,6971,4798,9580,8421,851,2380,8590,9799"
20982,20982,"6971,8590,2140,5303,7138,2218,6220,10326,1290,8922"
20991,20991,"8235,5303,4413,9799,8922,2140,8590,3055,2218,5999"
20998,20998,"2140,5303,4413,9799,5999,6971,8562,4798,2380,7138"
21006,21006,"3950,5999,11622,3340,12531,11406,12611,1996,4436,4798"
21018,21018,"6971,8590,2140,5303,7138,2218,6220,10326,1290,8922"
21028,21028,"2343,4277,6220,1210,714,13296,544,4388,2411,2218"
21041,21041,"6971,8590,2140,5303,7138,2218,6220,10326,1290,8922"
21042,21042,"2218,8590,11289,10835,9072,11403,11384,6220,7138,9422"
21064,21064,"9962,10607,1290,13309,11775,7120,11298,3539,4576,4036"
21075,21075,"5590,4008,64,11326,3368,10105,10835,10173,12218,11774"
21078,21078,"4413,8562,9729,10835,3870,9799,1598,13296,8235,3950"
21081,21081,"8235,2218,3870,64,4602,89,11800,13310,10986,5495"
21084,21084,"6971,9799,1290,5303,4413,2140,8590,2218,6220,4277"
21089,21089,"8421,4798,331,4974,1180,10916,12990,717,811,10594"
21112,21112,"11024,4576,1290,9962,2989,11775,10607,1779,8590,1972"
21126,21126,"3950,8562,12578,13346,9886,2140,4924,4413,10835,12793"
21129,21129,"6971,789,1290,13309,5135,275,8590,5303,9962,7120"
21130,21130,"10835,3799,4602,3950,3870,3909,5199,5128,2822,11800"
21137,21137,"4413,9799,4798,5303,2140,5999,7723,6971,3950,2199"
21149,21149,"3950,8235,12026,10835,7578,6529,5199,6220,5999,1598"
21152,21152,"2140,7138,2218,8562,10326,5303,12793,3870,5199,4413"
21177,21177,"2140,5303,4798,6971,1634,8590,8421,5999,10138,4101"
21191,21191,"4929,7120,10663,6243,296,789,8567,6971,2916,4777"
21200,21200,"6971,8590,2140,5303,7138,2218,6220,10326,1290,8922"
21204,21204,"10326,4277,12990,9340,2140,9072,12404,2411,3781,7558"
21221,21221,"6971,8590,2140,5303,7138,2218,6220,10326,1290,8922"
21228,21228,"6971,8590,2140,5303,7138,2218,6220,10326,1290,8922"
21249,21249,"6515,5303,2140,8421,851,2291,8161,6971,9580,331"
21256,21256,"10589,8235,11403,11171,1585,5669,4395,7374,5905,12253"
21261,21261,"11622,6982,11751,5177,7899,11784,5700,3950,4413,10340"
21279,21279,"6971,1290,8922,5303,2140,7120,4929,9799,10663,6243"
21282,21282,"2849,3954,6591,9006,11938,4216,4163,8714,12096,8650"
21305,21305,"1210,8421,10326,6220,4277,3950,12779,5545,714,9072"
21307,21307,"6971,8590,2140,5303,7138,2218,6220,10326,1290,8922"
21315,21315,"6971,8590,2140,5303,7138,2218,6220,10326,1290,8922"
21342,21342,"8590,6971,544,1220,9962,2140,8922,10326,5303,13296"
21347,21347,"2140,13346,6220,12026,2380,3950,4177,8922,5303,9580"
21357,21357,"6971,8590,2140,5303,7138,2218,6220,10326,1290,8922"
21358,21358,"6971,8590,2140,5303,7138,2218,6220,10326,1290,8922"
21368,21368,"1290,5135,789,11117,9962,7120,2784,296,3697,9405"
21372,21372,"6971,8590,2140,5303,7138,2218,6220,10326,1290,8922"
21373,21373,"6971,8590,2140,5303,7138,2218,6220,10326,1290,8922"
21383,21383,"7120,2916,10607,13309,296,4929,789,12497,10663,5135"
21393,21393,"6971,8590,2140,5303,7138,2218,6220,10326,1290,8922"
21415,21415,"1290,789,5135,7120,11117,10147,13309,9405,3697,12030"
21421,21421,"6971,8590,5303,2140,7138,2218,1290,6220,10326,8922"
21433,21433,"2140,220,2905,7138,5270,976,12793,8421,4277,6515"
21449,21449,"6220,6971,8590,13296,8421,2218,2140,5303,10326,4277"
21483,21483,"8421,3950,6220,2140,5303,13296,10326,8562,5545,4798"
21488,21488,"11590,652,9838,3950,1325,8092,11771,7463,64,5822"
21518,21518,"6971,8590,2140,5303,7138,2218,6220,10326,1290,8922"
21528,21528,"4413,6220,2140,8562,2380,8235,5303,3950,11540,2218"
21536,21536,"1290,7120,10607,9962,10663,11298,11024,4576,9348,5135"
21585,21585,"6220,7707,5303,9799,6971,2218,5545,13296,4413,2140"
21598,21598,"6971,7715,275,8359,8235,2291,12030,5303,176,4576"
21602,21602,"2218,5303,6220,2140,9072,220,11540,5545,2380,3870"
21604,21604,"2140,5303,2291,8421,6971,2380,7138,8161,7063,851"
21626,21626,"6971,8590,2140,5303,7138,2218,6220,10326,1290,8922"
21636,21636,"6971,8590,2140,5303,7138,2218,6220,10326,1290,8922"
21649,21649,"7120,12030,13101,12184,6003,10663,12497,2885,11117,9962"
21650,21650,"7138,2140,6971,2218,5303,8590,976,275,10326,11540"
21655,21655,"1290,7120,10663,4929,10607,296,2916,6243,12497,9962"
21662,21662,"5303,6971,2218,2140,8590,544,6220,9962,9072,275"
21681,21681,"1290,10663,9962,789,7120,4929,5135,13309,6243,12497"
21686,21686,"9375,3960,6082,5105,6060,5027,2770,9516,5494,6952"
21699,21699,"8421,10326,5303,8590,6971,6220,4798,6326,13296,2140"
21702,21702,"1290,7120,789,296,10607,5135,9962,10663,10147,4929"
21709,21709,"2140,5303,6971,9799,4798,2380,8421,8922,8205,12026"
21718,21718,"8421,11843,5303,6326,12990,8161,9580,10916,4798,851"
21719,21719,"8421,331,4277,11843,1180,4798,9580,10916,13346,851"
21724,21724,"4798,8421,12857,3950,10326,12990,11843,851,10916,11384"
21741,21741,"1290,10607,13309,7120,2916,4576,4664,10389,12497,9962"
21746,21746,"6971,8590,2140,5303,7138,2218,6220,10326,1290,8922"
21751,21751,"6971,8590,2140,5303,7138,2218,6220,10326,1290,8922"
21754,21754,"8421,12990,10326,4277,331,11843,1776,851,10916,4798"
21768,21768,"3950,11784,2567,5999,11622,9449,3317,454,8235,4413"
21775,21775,"5061,7792,986,3870,3487,2870,2218,3799,7725,1007"
21781,21781,"6971,8590,2140,5303,7138,2218,6220,10326,1290,8922"
21789,21789,"1290,7120,10607,11298,4576,9962,6610,11024,12497,2916"
21795,21795,"8235,3055,8590,6971,8562,2218,976,12944,2220,5303"
21812,21812,"2789,4798,8421,8161,6515,4413,6899,9968,3950,12857"
21814,21814,"2140,6971,5303,8421,4798,851,10326,9580,2380,1634"
21820,21820,"3950,3870,4602,11784,13346,6220,7558,4414,64,4117"
21827,21827,"4798,8421,2140,10326,5303,851,9580,8161,1180,331"
21838,21838,"7138,5303,6971,2218,2140,6395,8590,1957,5999,4947"
21855,21855,"10063,8279,5532,1210,4117,3950,5999,3770,2771,12531"
21881,21881,"4798,6626,2140,2867,4315,12378,851,2169,9968,2291"
21884,21884,"4798,2789,2140,5999,1408,5303,8562,2380,4413,8161"
21889,21889,"1290,7120,296,2916,6971,789,10607,6243,10663,5135"
21896,21896,"6971,8590,2140,5303,7138,2218,6220,10326,1290,8922"
21902,21902,"4798,8421,2140,8161,5303,9580,5025,10916,11282,331"
21916,21916,"8421,4798,10326,1180,12990,9580,331,11843,6326,11282"
21927,21927,"789,1290,5135,9962,10607,7120,4036,296,10147,6811"
21938,21938,"8421,851,331,1776,4798,4277,6971,1180,5303,2140"
21948,21948,"2140,6971,7138,5303,8590,2218,8922,8562,9799,8235"
21952,21952,"1290,7120,10663,6243,4929,12030,5135,4387,3697,789"
21954,21954,"5999,6971,11357,1100,10835,5532,4053,7578,2822,5199"
21955,21955,"2140,5303,6220,6971,13296,2380,9799,5485,8421,8590"
21978,21978,"1863,9564,589,5149,8981,3088,8703,7706,5962,3122"
21983,21983,"1290,789,7120,4929,6220,5135,9962,89,296,10663"
22004,22004,"6971,5303,2140,8590,10326,3950,13296,4798,8421,5999"
22007,22007,"1290,5135,7120,10607,9962,10663,789,3697,12497,2916"
22014,22014,"6971,8590,2140,5303,7138,2218,6220,10326,1290,8922"
22020,22020,"2140,5303,8421,4798,9580,6971,10326,3950,5999,10138"
22052,22052,"4798,8421,12857,8161,6433,10326,13346,2140,7343,9580"
22056,22056,"5819,2218,2140,13346,220,64,10340,9306,3950,2380"
22064,22064,"7707,1863,9799,12606,6971,6220,4413,1983,9083,589"
22072,22072,"4798,8421,331,9580,2140,851,5303,12990,12857,10326"
22074,22074,"8421,3950,2140,4798,9580,12990,10916,6326,12857,11384"
22102,22102,"4576,8714,11024,6591,1779,10997,11775,3544,4664,2989"
22110,22110,"1863,5303,4576,2218,6971,8235,275,10429,6220,9017"
22111,22111,"6971,5303,2140,8421,9580,5999,10326,8562,2380,9799"
22119,22119,"8235,4413,12606,5524,89,7707,11403,9799,4430,8562"
22125,22125,"3950,7138,11622,8333,4602,4117,3870,3340,12632,8853"
22150,22150,"5303,6971,2380,8421,6515,2218,1634,13346,4798,2291"
22151,22151,"1290,7120,10663,11117,9962,4929,8590,789,6971,5135"
22154,22154,"8703,4929,1290,2020,6243,10663,12030,4387,7120,13228"
22213,22213,"8235,2218,10986,2380,4430,11772,89,9799,560,3491"
22256,22256,"1290,6971,5303,8590,2140,2218,8421,6220,9962,2380"
22258,22258,"6971,5303,2140,7138,8421,2218,976,8593,11540,8413"
22265,22265,"6971,2789,5999,12026,9799,5303,2140,8590,8235,3055"
22279,22279,"6971,5999,8235,10835,3909,12026,4266,3055,2567,8922"
22280,22280,"4929,1290,7120,10663,6243,789,5573,1400,12030,296"
22283,22283,"7725,8632,8028,1669,7792,10586,11844,12473,9620,12744"
22286,22286,"2140,5303,6971,2218,2380,976,6220,12793,8421,7138"
22288,22288,"6971,8590,2140,5303,7138,2218,6220,10326,1290,8922"
22321,22321,"6971,8590,2140,5303,7138,2218,6220,10326,1290,8922"
22336,22336,"4277,8421,2140,9580,13296,3055,331,6220,3950,10326"
22344,22344,"6971,4798,1408,5999,4101,1634,11282,5303,10326,10473"
22353,22353,"5822,2770,12024,11834,5845,3988,6402,10352,10937,840"
22356,22356,"6243,4929,12030,5573,4777,3697,12497,296,2916,9405"
22387,22387,"2140,5303,8421,9580,6515,6971,9799,6326,10326,10916"
22427,22427,"6971,9799,8590,5303,8703,5549,8922,8235,2140,9668"
22428,22428,"1290,4929,7120,10663,9962,5135,6243,2916,12497,296"
22449,22449,"1290,789,7120,9962,296,5135,10607,4576,4929,10137"
22452,22452,"1290,7120,4576,4929,12497,9730,296,6610,11024,10663"
22460,22460,"6971,8590,2140,5303,7138,2218,6220,10326,1290,8922"
22467,22467,"1290,7120,10663,8590,331,4929,9962,6243,2916,12497"
22480,22480,"1290,10607,7120,5135,9962,789,11298,4036,296,2916"
22481,22481,"2140,5303,8421,7138,6971,2291,10326,51,11394,275"
22484,22484,"3950,1996,5999,1408,8746,4798,2905,11282,9504,11622"
22489,22489,"6220,5545,9942,2218,8590,6971,4277,3870,5866,13296"
22502,22502,"1290,10663,9962,7120,4929,2916,6243,9295,5135,789"
22510,22510,"1290,9962,789,7120,4929,5135,4576,10663,12497,13309"
22511,22511,"1290,5962,7120,589,10429,1863,7706,13436,296,9564"
22514,22514,"6971,8590,8922,2140,5303,9799,4277,10326,8421,13296"
22520,22520,"1290,6243,4929,10663,5573,7120,12030,4387,10322,12497"
22546,22546,"2291,2140,10340,8161,6899,12857,4798,8562,4101,12875"
22551,22551,"7707,9942,8562,4413,1598,453,6220,4924,3055,10835"
22582,22582,"5135,10607,789,11024,1290,2916,10648,7120,13309,10663"
22595,22595,"6220,13296,2140,8590,10326,5303,2218,6971,3870,544"
22597,22597,"220,2140,1770,10340,1358,1331,5610,7717,8421,10326"
22605,22605,"6971,8590,2140,5303,7138,2218,6220,10326,1290,8922"
22618,22618,"6971,8590,2140,5303,7138,2218,6220,10326,1290,8922"
22641,22641,"6971,8590,2140,5303,7138,2218,6220,10326,1290,8922"
22645,22645,"2140,4277,2218,8590,275,6971,5303,7138,9340,4798"
22660,22660,"3950,3870,6220,7707,1598,5545,8562,13296,9729,8590"
22666,22666,"6971,8590,2140,5303,7138,2218,6220,10326,1290,8922"
22674,22674,"7120,4929,789,296,9962,6243,12497,2916,13309,5135"
22678,22678,"1290,7120,789,9962,10607,5135,296,10663,11298,2916"
22697,22697,"5135,9962,789,1290,6811,11024,7120,10607,4929,3539"
22698,22698,"3950,10326,13346,8421,8562,2380,4798,13296,2140,5545"
22705,22705,"1290,8922,6971,7120,2140,4929,8590,296,7707,5303"
22710,22710,"6971,2140,8421,5303,10326,8590,4798,976,1634,3766"
22714,22714,"3950,2789,220,3577,5999,8746,2567,11622,10340,5564"
22715,22715,"2140,5303,5999,6971,9799,8235,10340,1912,4413,2380"
22720,22720,"3950,9443,6220,5999,6638,3799,4798,5545,5199,11622"
22734,22734,"9668,6166,9799,8235,4413,7637,4698,6971,8703,2020"
22735,22735,"6971,8590,2140,5303,7138,2218,6220,10326,1290,8922"
22736,22736,"2140,6326,12990,3950,13346,5303,10326,10916,4798,2218"
22747,22747,"12029,2426,926,4985,7748,4255,5420,7729,12606,2218"
22748,22748,"7637,9668,6971,6166,5966,8922,4698,9799,4205,1487"
22759,22759,"6971,8590,2140,5303,7138,2218,6220,10326,1290,8922"
22761,22761,"5999,3950,6971,4117,7578,2140,8590,12026,4798,5303"
22774,22774,"9799,6971,12026,2140,5303,13296,2380,4413,9668,5999"
22783,22783,"8235,9799,4413,5303,8590,2218,2140,8922,7723,6971"
22830,22830,"6220,8590,2218,5303,5866,13296,10835,2380,3950,8421"
22831,22831,"5135,9962,7120,10663,789,4929,12497,13309,3697,2916"
22846,22846,"2140,8421,6971,9580,12990,1776,5303,331,4798,10326"
22850,22850,"6971,8590,2140,5303,7138,2218,6220,10326,1290,8922"
22883,22883,"9799,13296,2380,6220,6971,8590,8235,2140,4413,5303"
22887,22887,"5303,6220,9799,2140,6971,2380,2218,8421,12990,13296"
22893,22893,"6971,8590,2140,5303,7138,2218,6220,10326,1290,8922"
22905,22905,"2140,4915,2218,7138,5303,3950,11384,1912,8421,13346"
22923,22923,"2140,5303,6971,4798,331,9580,8421,7138,851,8590"
22956,22956,"4798,1180,2140,8161,1996,851,10326,1408,11843,12990"
22964,22964,"13296,6971,12606,8922,6220,8235,1863,4250,8590,2218"
22972,22972,"83,1851,12903,4281,11024,6177,12096,7679,12995,5570"
22985,22985,"11622,5549,6166,12632,6982,8703,4413,2373,11795,5673"
23011,23011,"8421,10326,2158,331,11843,2140,4277,4798,5303,12990"
23027,23027,"1290,7120,5135,10663,10607,9295,11024,9962,4929,789"
23036,23036,"6971,8421,8562,4798,13346,6220,2140,9799,12793,9580"
23038,23038,"6971,8590,2140,5303,7138,2218,6220,10326,1290,8922"
23046,23046,"6971,5303,13296,8608,8590,8922,9799,5485,1290,7707"
23051,23051,"976,2218,8590,6971,5303,9799,5999,8421,4798,3950"
23057,23057,"5249,4465,7496,7325,5901,6129,4644,8911,5786,10707"
23062,23062,"4163,5135,2957,10674,1851,789,1558,9962,1290,10607"
23069,23069,"5303,2140,7558,6220,8562,3870,5485,13346,9072,2380"
23078,23078,"4413,5303,2140,6971,2380,9799,13346,8235,6220,2218"
23113,23113,"8235,4413,2218,11622,8413,6220,6982,3870,5303,2140"
23121,23121,"5135,9962,4036,789,11117,1290,5142,9295,2969,4111"
23123,23123,"8421,10326,4798,2140,11384,8562,10594,10916,12857,4277"
23136,23136,"9799,5303,4798,4413,10340,5549,2140,3106,5999,2789"
23138,23138,"3950,5999,454,4798,2140,2199,2905,1100,8421,851"
23140,23140,"13296,6971,8421,2140,5303,10326,8922,6220,4277,4798"
23170,23170,"6971,5303,9799,2140,8421,2380,4798,8590,6220,2218"
23173,23173,"1290,7120,6243,789,10663,296,2916,8567,9962,13309"
23179,23179,"6971,6220,4277,8421,5303,13296,8590,2140,10835,2380"
23196,23196,"8421,331,4277,4798,5303,9580,10326,6220,10916,851"
23199,23199,"5303,2218,7138,2140,8590,10340,4321,6971,1912,7063"
23216,23216,"6971,8922,5303,9799,8235,8590,2140,9668,8703,4101"
23226,23226,"5303,6971,5999,2218,7138,3950,5545,2140,12793,4117"
23233,23233,"9884,9516,2363,7878,6875,3988,840,10318,8124,1948"
23253,23253,"6220,10835,6971,3870,4413,5545,2218,2140,13296,5303"
23281,23281,"5075,1290,4576,5135,4613,11088,5008,11299,633,4163"
