ID,user_id,item_id
12,12,"2140,8421,5303,4798,10326,12990,8562,4277,11843,331"
14,14,"6971,9799,9668,8922,7637,1290,6166,2020,7120,2140"
17,17,"10352,1377,6952,2770,5105,9375,8540,5027,6306,6060"
21,21,"2140,6971,8421,10326,4798,4277,2218,9580,8562,6220"
44,44,"789,5135,9962,4163,10607,1290,13309,4216,1851,2957"
55,55,"2218,5303,4413,4798,3950,10340,8562,220,5610,10326"
56,56,"6971,8235,8922,2218,9799,5303,8590,6220,12026,5999"
58,58,"2140,5303,6971,8421,10326,4798,12990,4277,331,9580"
59,59,"2140,5303,6971,10326,4798,8421,6220,2218,8562,7707"
79,79,"6220,5999,10326,2140,13296,3950,8562,5303,2380,5199"
81,81,"1290,789,7120,5135,9962,4576,10607,13309,2916,4929"
85,85,"2140,5303,7063,2380,2670,275,13296,10608,6220,2291"
92,92,"1290,789,9962,5135,7120,4929,4576,13309,2916,12497"
97,97,"3950,8235,454,11784,5999,9443,4798,4413,6971,7578"
100,100,"2140,5303,8421,10326,12990,4798,851,8161,2291,4277"
112,112,"6220,2218,9942,5545,89,1978,275,544,13110,13296"
122,122,"5303,2140,4798,851,4277,331,6971,10326,9580,8161"
133,133,"9375,8590,12339,350,7679,5105,1377,10431,275,1328"
141,141,"1290,7120,4929,10663,6971,7706,8922,10429,8703,6243"
144,144,"8590,1290,6971,2140,9962,5303,789,7120,8922,7138"
149,149,"10674,1290,7679,789,4664,5135,9962,10607,4576,11024"
153,153,"2140,2218,6220,5303,10326,8562,8421,2380,4798,6971"
166,166,"8590,275,89,10674,7138,7679,12339,9072,4163,8235"
220,220,"2789,2567,9443,11622,11784,454,8562,4798,6220,11751"
231,231,"5303,2140,8421,10326,2218,4798,5999,3950,6220,6971"
262,262,"6971,1290,8590,2140,8922,12030,5303,7120,4929,12497"
274,274,"6971,2140,6220,9799,2380,8922,8590,2218,4798,13296"
277,277,"6971,8590,2140,1290,8922,5303,9799,6220,13296,10326"
281,281,"1290,789,7120,5135,9962,13309,6811,10607,12497,3697"
291,291,"2218,2140,275,7558,5610,1017,992,7063,12404,6220"
300,300,"6971,6220,2140,5303,2218,13296,2380,4277,10326,8421"
310,310,"2140,5303,8421,4798,10326,2218,8562,12990,2169,10340"
332,332,"4576,8590,9962,1290,2218,789,5135,4664,13309,7138"
344,344,"2140,8421,5303,10326,4798,9580,12990,4277,8562,851"
359,359,"1290,7120,789,4929,6971,5135,6220,10663,12497,9962"
380,380,"5999,4117,4053,11406,5532,10835,8505,5199,11622,8746"
386,386,"6220,4413,3950,9799,13296,3870,6971,2218,8562,2140"
426,426,"6220,3950,5303,6971,2218,8235,2789,2380,8562,8421"
436,436,"6971,2140,6220,4277,4798,8590,13296,2380,8421,10326"
453,453,"8235,2218,6220,7024,9942,7707,2343,5303,5524,5545"
461,461,"6971,7120,4929,789,10663,12030,12497,8590,6243,8922"
464,464,"350,5610,6588,2506,2140,11010,12636,2861,8421,238"
473,473,"350,3509,1377,12339,9375,10431,992,2770,1328,5495"
481,481,"6971,4277,2140,10326,6220,8421,8590,13296,5303,4798"
490,490,"4576,9962,1290,11969,4664,6220,789,5545,2218,544"
494,494,"6971,6220,9799,5303,2140,10326,2218,4413,4798,8421"
497,497,"1290,7120,789,5135,9962,4929,8590,4576,2916,10663"
510,510,"3950,11622,5999,13346,3870,1978,6220,2343,5199,3428"
511,511,"2140,5303,8421,5999,10326,4798,1634,851,12990,6515"
512,512,"11024,10674,4576,7679,10607,1290,4664,1779,12903,789"
524,524,"789,1290,5135,7120,10607,9962,4576,11024,4664,12903"
525,525,"8421,2140,4277,10326,811,12990,7558,8562,4798,1978"
545,545,"8421,1180,331,4798,11843,12990,9580,11282,2140,8161"
560,560,"8421,331,4798,10326,9580,3950,12990,8562,851,5303"
564,564,"2140,5303,6971,8421,4277,10326,6220,2218,4798,12990"
566,566,"8590,6220,89,5545,9942,2218,13296,5303,6971,2343"
568,568,"5303,2140,6220,2218,8421,8590,4277,13296,4798,6971"
570,570,"6971,8922,2140,8590,6220,2218,9799,6166,5303,8703"
573,573,"2140,8421,5303,4798,12990,6220,275,10326,1978,2218"
594,594,"6220,8562,3950,10326,5999,6971,2140,5545,8421,4413"
601,601,"2140,5303,4798,6220,8421,8562,3950,10326,2218,10835"
605,605,"5999,11357,2905,12611,1408,1996,4117,3950,9443,2789"
641,641,"6220,2140,5999,3950,8562,3870,6971,5303,11540,2380"
650,650,"3950,2218,6220,8421,8562,4413,4798,2789,2380,13346"
675,675,"6220,2218,7707,5545,12606,9942,8562,4413,7558,275"
677,677,"1290,7120,789,9962,10663,4929,13309,12497,2916,3697"
679,679,"8590,6220,6971,2140,10326,13296,4277,544,275,5303"
683,683,"6220,3870,8421,350,2218,220,3950,8562,5610,4277"
687,687,"8421,10326,5303,2140,4798,12990,6220,6971,9580,8590"
705,705,"2140,7063,5303,2291,9340,9771,8421,4877,2264,4277"
708,708,"1290,7120,10663,789,5135,296,10607,2916,6243,12497"
712,712,"2140,5303,8590,7063,6971,2291,7138,2218,8922,2169"
715,715,"10340,8421,2140,4798,1996,5303,8161,12990,5999,6515"
728,728,"1290,7120,789,9962,5135,4576,10607,10663,296,2916"
743,743,"6220,10835,5532,5199,2343,5999,5545,9942,1978,13296"
753,753,"6220,5303,2140,8421,2218,4798,2380,4277,10326,8562"
757,757,"2140,10326,5303,8421,6971,4798,2218,8562,9580,4277"
768,768,"3950,2218,8562,6220,13346,4798,2140,8421,3870,2380"
797,797,"6402,12029,4008,9375,3509,9838,13112,1426,11572,5209"
813,813,"8703,7637,9799,5149,9668,6971,2020,8922,6166,9937"
832,832,"1290,7120,4576,8590,789,4929,10663,296,10607,4664"
833,833,"2140,5303,6220,6971,13296,2380,10326,275,7558,5545"
844,844,"8235,12606,2343,5999,5532,10835,4602,5199,6220,5545"
858,858,"8421,4277,851,2140,331,4798,5303,10326,12990,9580"
874,874,"6220,2140,2218,5303,8562,4413,4798,10326,7138,8421"
875,875,"8421,5303,10326,8562,2140,4798,6220,4277,12990,3950"
892,892,"2140,9799,6166,9668,5303,6220,6971,8703,9937,4413"
897,897,"3950,4602,5999,3870,3799,13346,2990,8235,454,2789"
912,912,"1290,8590,7120,6971,13296,6220,4929,8922,10663,5303"
924,924,"1290,6220,7120,6971,544,2218,7707,2343,13296,4576"
926,926,"6971,6220,1290,9799,8922,13296,7120,8703,7706,7707"
933,933,"275,9942,4576,544,6220,2218,350,13296,8590,7679"
944,944,"6971,6220,5303,9799,8590,2218,2140,4798,2380,13296"
951,951,"6971,2140,5303,8590,10326,4798,8922,9799,2218,8421"
974,974,"6220,12606,3487,1290,5545,4576,13296,2343,9942,89"
1010,1010,"9306,7383,7063,383,9771,4877,238,10122,2065,5946"
1013,1013,"6971,9799,6220,7024,11403,5199,5999,8922,7707,3055"
1016,1016,"6220,6971,13296,2140,9799,3870,4413,12026,8922,2380"
1023,1023,"6971,9799,6220,5303,2140,4413,8922,2218,2380,4798"
1035,1035,"1290,6971,2140,8590,7120,5303,789,9962,12030,8922"
1046,1046,"6971,8590,1290,2140,5303,8922,7120,2218,6220,9962"
1051,1051,"1290,6220,6971,7120,13296,8590,5545,2218,544,8922"
1057,1057,"2140,5303,8421,4798,6971,851,331,5999,10326,6515"
1064,1064,"1290,6971,7120,8590,4929,8922,12030,10663,12497,789"
1080,1080,"5999,4798,5303,2218,2140,4413,7138,10326,6971,8421"
1089,1089,"2140,5303,4277,8421,4798,6971,10326,851,8590,7138"
1090,1090,"2140,5303,8421,4798,6971,11282,9580,12990,10326,331"
1103,1103,"2140,8421,10326,5303,4798,12990,8562,1634,9580,11843"
1123,1123,"1290,7120,10663,4929,12497,789,5135,13309,6243,12030"
1134,1134,"8421,4798,10326,12990,4277,2140,3950,331,5303,8562"
1136,1136,"3950,8562,5999,8421,4413,5545,2789,1598,3870,4798"
1139,1139,"1290,7120,8703,4929,7706,8922,6220,5149,7637,6971"
1154,1154,"6220,7707,13296,4413,2218,6971,9942,9799,1598,12606"
1169,1169,"6220,6971,8590,5303,2140,2218,4277,9799,5545,8922"
1173,1173,"6220,7707,2218,6971,5545,8922,6166,12606,9799,13296"
1178,1178,"2580,3428,9942,2218,5495,13306,13110,7558,6220,8562"
1190,1190,"5999,6971,5303,4798,2140,9799,2380,8562,8421,3950"
1205,1205,"2140,4413,9799,5303,2380,6971,6220,12026,10326,8562"
1217,1217,"1290,789,5135,9962,10607,7120,4576,6610,13309,4664"
1218,1218,"1290,8608,8590,7120,2343,5532,13296,4929,4576,10835"
1230,1230,"6220,9799,8235,6971,2380,2789,8922,5199,4413,13296"
1250,1250,"2140,8421,10326,12990,4798,1634,5303,9580,4277,11282"
1252,1252,"5999,6220,8562,3950,5303,220,8421,5199,4798,3870"
1276,1276,"5999,5532,10835,5199,4117,6220,3950,2218,5545,3055"
1279,1279,"1290,7120,789,4929,5135,10663,12497,12030,13309,9962"
1281,1281,"1328,350,8590,12339,1018,9375,1210,7138,2004,2770"
1288,1288,"2218,8562,6220,2140,3950,10326,8421,4798,220,7558"
1305,1305,"789,5135,9962,1290,10607,13309,7120,10674,4576,3539"
1320,1320,"6220,3950,8562,3870,8421,11540,4798,2140,13346,10340"
1321,1321,"5999,3950,8421,4798,2789,5303,5199,3055,4117,11357"
1328,1328,"6220,5545,2218,13296,3870,2343,9942,8590,6971,7707"
1343,1343,"2140,5303,8421,851,4798,6971,331,4277,9580,10326"
1345,1345,"2140,8562,8421,5303,11384,13346,3950,2218,5731,7558"
1374,1374,"789,9962,5135,10607,4163,13309,1851,7120,4576,2957"
1410,1410,"1290,7120,4929,10663,10429,7706,2916,4576,12497,6243"
1414,1414,"8421,2140,851,5303,4798,8161,12990,331,10326,1180"
1420,1420,"9799,6166,4798,9668,8703,4413,5999,6971,9937,2380"
1440,1440,"6971,8922,5999,8235,10835,2218,5303,5532,2140,8590"
1441,1441,"3487,779,2327,10429,1863,5976,7706,12606,2870,7619"
1443,1443,"1290,7120,10607,5135,789,6610,4576,11024,9962,1779"
1458,1458,"1290,789,5135,9962,7120,13309,4664,10607,3539,6811"
1492,1492,"6220,3950,4413,8562,3870,9942,275,2218,2380,5545"
1496,1496,"6971,5303,8421,10326,4798,4277,12990,9580,331,2380"
1499,1499,"10835,5199,220,7558,275,2140,64,2580,7900,5999"
1504,1504,"1290,7120,789,5135,10607,9962,4929,296,6610,2916"
1516,1516,"8590,4576,1290,789,9962,5135,10674,4664,7120,13309"
1523,1523,"5303,2140,4798,8421,5999,7138,2218,851,10326,8161"
1534,1534,"7325,5760,10974,5105,4935,162,9375,8911,10009,6150"
1539,1539,"8590,6220,2218,7707,6971,5545,12606,13296,9942,2343"
1559,1559,"6971,2140,5303,8590,7138,4277,10326,4798,8421,2218"
1572,1572,"2218,5545,4413,5303,6971,9799,4798,9942,2199,6220"
1573,1573,"8590,6971,5303,10326,2140,4277,8421,13296,2218,6220"
1601,1601,"1290,6971,7120,8922,4929,6220,13296,8703,10663,8590"
1603,1603,"350,5610,1328,8746,220,9848,2169,12611,3770,10891"
1604,1604,"6220,8421,2140,2218,4277,10326,2380,4798,13296,5303"
1613,1613,"1290,789,7120,5135,10607,9962,4576,4929,296,13309"
1634,1634,"350,1328,3950,2506,8421,2580,5610,1210,220,4798"
1642,1642,"5999,3950,10326,2140,8421,10340,8562,4798,1996,11540"
1643,1643,"1290,7120,4929,789,10663,5135,296,10607,2916,13309"
1654,1654,"6220,5999,6971,2140,2218,5303,4798,8235,13296,10326"
1657,1657,"789,4576,5135,10607,1851,1558,9962,11024,2957,12903"
1674,1674,"6971,2140,6220,8590,5303,13296,8235,8922,89,10326"
1702,1702,"8562,6220,3950,2218,8421,4413,10326,3870,5303,2140"
1719,1719,"1377,4256,1328,6659,12029,11590,10431,1432,6402,10352"
1725,1725,"3950,8562,13346,5999,6220,8421,11384,11540,1978,10340"
1726,1726,"6971,2140,1290,5303,7120,7063,2291,12030,2264,8922"
1728,1728,"4576,10674,1558,11024,7679,4664,2989,12903,10607,789"
1735,1735,"6971,8590,8922,8235,2218,5303,9799,3055,6220,2140"
1739,1739,"1290,7120,789,4929,5135,10663,9962,13309,12497,2916"
1774,1774,"2140,4277,10326,8421,13296,5303,6220,12990,1978,275"
1780,1780,"350,1328,12611,2905,5999,2580,1978,811,220,8421"
1799,1799,"7138,5303,2140,2218,8421,8590,6220,4277,9733,11540"
1813,1813,"2380,5303,2140,6220,10326,13296,8421,4798,11622,2218"
1834,1834,"8421,4798,5303,2140,5999,3950,10326,12990,8562,9580"
1835,1835,"8421,220,5610,5999,350,7138,4798,11843,9340,11384"
1841,1841,"789,5135,9962,1290,10607,13309,4163,10674,1851,2957"
1863,1863,"6220,8562,3950,3870,8421,2140,13346,275,1978,5545"
1878,1878,"11622,3950,5673,3428,4602,11751,11800,2580,13110,4413"
1879,1879,"5999,4798,5303,2140,6971,9799,2380,8421,2789,12990"
1910,1910,"1290,7120,10663,12497,789,6971,6243,12030,5135,13309"
1911,1911,"2140,5303,10326,6971,4277,8421,8562,2380,4798,275"
1919,1919,"4576,8590,1290,7120,2218,2916,544,6220,789,4929"
1925,1925,"4163,2957,4216,789,1558,9962,5135,1851,10674,10607"
1926,1926,"1290,789,7120,9962,5135,4576,2916,10607,13309,4929"
1931,1931,"9375,1328,5105,350,6060,1377,10352,2770,6952,9516"
1940,1940,"2140,5303,6971,8421,10326,4798,4277,2380,12990,2218"
1968,1968,"6971,2140,5303,10326,8421,8590,4277,4798,6220,13296"
1981,1981,"3950,6220,10326,5999,8421,4413,5303,2380,4798,2218"
1992,1992,"2140,5303,8421,6971,10326,851,4798,8590,7138,4277"
1998,1998,"789,1290,5135,9962,4576,7120,10607,13309,4664,10674"
2000,2000,"1290,789,7120,5135,9962,13309,4929,10663,12497,296"
2017,2017,"5303,8421,4798,6971,9580,10326,12990,851,331,4277"
2036,2036,"8235,5875,3799,5532,5199,4602,89,2903,3509,9942"
2044,2044,"8746,12611,3799,7705,5700,5999,3950,4915,785,11572"
2047,2047,"1290,7120,789,5135,10607,9962,4576,13309,4664,2916"
2052,2052,"8590,7138,9340,1210,350,1328,10326,5303,9072,8421"
2055,2055,"9375,5105,6060,5760,10974,5027,6150,10352,5494,2770"
2069,2069,"6220,2218,2140,5545,9942,7707,12606,275,7558,5303"
2075,2075,"6220,5303,10326,8421,2218,6971,2140,4277,8562,3950"
2089,2089,"8421,851,2140,1180,12990,11843,1996,9580,10594,4798"
2093,2093,"2140,5303,6971,4798,8421,4277,10326,331,9580,5999"
2127,2127,"2140,7063,6220,275,5303,7383,2218,2291,6971,7558"
2135,2135,"6220,5545,4413,3870,9942,13110,1598,12606,9799,9729"
2137,2137,"8235,5999,4413,3950,2789,6220,2380,5199,10835,3055"
2141,2141,"6220,12606,2218,5545,7707,9942,10429,2343,4413,13110"
2147,2147,"1290,7120,789,5135,4576,4929,10607,9962,296,2916"
2150,2150,"2140,5303,6971,4277,8590,8421,6220,2218,10326,4798"
2153,2153,"2140,5303,8421,4798,851,12990,10326,6971,331,4277"
2158,2158,"1290,789,7120,4576,5135,10607,9962,4664,6610,10674"
2178,2178,"5303,2218,10326,8421,6971,8562,6220,8590,2140,13296"
2180,2180,"9375,1328,350,1377,5105,10431,5494,12339,12094,6060"
2181,2181,"1290,4576,789,10607,5135,7120,9962,4664,6610,10674"
2193,2193,"3950,11622,4413,10340,7723,3992,3799,3870,13346,3428"
2216,2216,"8421,4277,4798,2140,10326,331,851,5303,12990,3950"
2224,2224,"6220,2218,8562,3870,10835,5545,3950,10326,275,5999"
2231,2231,"6971,5303,2140,8235,5999,8922,2218,5199,6220,10835"
2242,2242,"4576,1290,9962,789,5135,4664,10607,10674,13309,7120"
2243,2243,"2140,5303,6971,5999,4798,8590,8421,10326,7138,8922"
2247,2247,"8590,6971,8922,2140,2218,5303,1290,7138,8235,9799"
2262,2262,"1290,4576,7120,10607,789,11024,5135,10389,4664,6610"
2271,2271,"6971,2140,2218,5303,13296,9799,5545,8562,7707,10326"
2284,2284,"4413,2218,9799,6220,2990,6971,8562,6166,3950,8235"
2287,2287,"3950,13346,11622,2580,2218,8421,7558,8562,5610,1978"
2291,2291,"5999,2140,8421,5303,4798,12990,851,1996,11843,220"
2293,2293,"1290,7120,8590,4576,6971,789,544,10607,4929,4664"
2294,2294,"6971,5303,6220,2218,8590,8922,13296,10326,275,9799"
2301,2301,"2140,6971,5303,6220,2218,10326,4277,8590,8922,8421"
2310,2310,"8590,6971,6220,8922,13296,8235,5545,9799,1290,4413"
2341,2341,"2140,5303,6971,4798,9799,8421,2380,8562,6220,12026"
2345,2345,"1558,2957,789,4163,1851,4216,5135,12903,10674,11024"
2348,2348,"1290,789,7120,5135,9962,10607,4929,13309,296,4576"
2349,2349,"5999,3950,4117,8235,10835,7578,5303,8562,4798,3055"
2350,2350,"6971,2140,5303,8590,8922,6220,10326,4798,7138,2218"
2355,2355,"8421,4277,331,851,4798,10326,12990,1180,9580,8161"
2383,2383,"4277,8421,331,851,10326,350,4798,1328,811,13296"
2393,2393,"2291,9306,9771,4877,13214,7439,7063,5946,10462,2149"
2399,2399,"6971,7120,4929,10663,8922,6243,12497,789,8567,2916"
2421,2421,"5999,10835,2343,5199,5532,4117,3950,3055,8235,3909"
2435,2435,"8590,4576,2218,89,6220,544,13296,9942,2343,12606"
2448,2448,"2140,6971,5303,10326,2218,13296,8590,8922,2380,8235"
2452,2452,"1290,7120,4929,10663,12030,789,12497,2916,6243,5135"
2464,2464,"4413,9799,3950,6220,7723,8562,2380,5545,10340,2990"
2470,2470,"2580,1996,5999,10594,13346,3950,350,220,1210,12857"
2478,2478,"6971,9799,12026,2140,5303,5999,6220,8590,2380,1290"
2506,2506,"6220,13296,4277,8421,10326,8590,2218,2140,5303,5545"
2523,2523,"8879,12550,7715,4985,4838,8235,7558,3908,2449,7192"
2527,2527,"1290,7120,4929,12030,10663,6243,5573,12497,789,2916"
2528,2528,"8421,3950,13346,5303,12857,11384,11843,8562,10326,2218"
2530,2530,"3950,8590,8421,8562,5303,275,220,4798,10326,13346"
2533,2533,"3950,8562,5545,7707,6220,9942,4413,5999,4602,12606"
2540,2540,"8421,11622,3950,4798,3870,8562,11751,220,13346,6982"
2558,2558,"8235,3950,5999,2218,2990,10835,5532,6529,9799,2343"
2559,2559,"5155,1377,12029,10352,9375,6402,1948,6659,9516,10431"
2592,2592,"6971,6220,2140,13296,5303,7707,2218,10326,8922,8235"
2599,2599,"2140,5303,8421,4277,10326,6220,4798,6971,12990,8562"
2608,2608,"6220,5545,4413,9942,12606,9799,6971,89,3870,8562"
2613,2613,"789,5135,9962,4163,1290,4216,1558,10674,2957,10607"
2616,2616,"2218,4413,11540,6220,10340,2140,8562,12606,5999,5545"
2617,2617,"2140,8590,5303,6220,6971,2218,13296,10326,275,8922"
2619,2619,"6220,5545,2218,9942,3870,8562,7707,12606,7723,9799"
2622,2622,"1290,10607,789,5135,7120,11024,1779,11298,4576,13309"
2629,2629,"1290,789,7120,9962,5135,4576,4929,8590,12497,2916"
2648,2648,"1290,789,7120,5135,9962,4929,296,10663,13309,2916"
2654,2654,"2140,9799,6971,6166,6220,8703,8922,9668,12026,7707"
2668,2668,"1290,7120,7706,589,8703,10429,3487,5976,7637,9564"
2703,2703,"350,5610,220,7138,2169,8421,2140,9340,5999,1912"
2710,2710,"4277,8421,5303,2140,10326,8590,9580,4798,6971,6220"
2713,2713,"10326,8235,2140,5303,8562,8421,6971,3950,2380,5999"
2722,2722,"7120,4929,789,10663,5135,12497,9962,2916,6243,6971"
2724,2724,"1290,7120,4929,10663,6971,2916,6243,789,12497,12030"
2727,2727,"6220,2140,13296,6971,5303,2218,275,7558,2380,5545"
2755,2755,"1290,789,9962,5135,4163,7120,4576,13309,10607,10674"
2769,2769,"2218,12606,6220,5545,9942,7707,13110,8562,5495,4413"
2776,2776,"5999,6971,10326,5532,4117,5303,2218,2140,10835,12990"
2781,2781,"1290,7120,4929,789,10663,5135,12030,12497,2916,9962"
2782,2782,"1290,789,7120,5135,4576,9962,10607,13309,4664,296"
2789,2789,"5999,5303,2140,4798,6971,8421,2380,10326,8562,10835"
2794,2794,"5303,2140,2218,8421,4798,6971,10326,8562,4277,2380"
2804,2804,"6220,2218,13296,7707,8235,8922,6971,8590,5545,12606"
2819,2819,"6220,6971,2140,5999,9799,8922,13296,10326,10835,7707"
2846,2846,"6971,9799,8703,2140,6220,9668,8922,7637,4430,5149"
2851,2851,"1290,4576,789,9962,5135,7120,4664,10674,10607,11024"
2861,2861,"8590,6971,6220,1290,2218,544,5303,8922,13296,4576"
2862,2862,"1290,7120,6220,6971,4576,8590,544,4929,13296,10663"
2867,2867,"350,1328,2506,10891,716,5610,2334,2169,9340,9848"
2873,2873,"6971,6220,2140,8590,2218,544,5303,275,13296,89"
2880,2880,"1290,6220,8703,7120,5149,6971,10429,8922,7706,7637"
2881,2881,"8421,10326,4277,12857,9580,12990,1210,4798,2140,8562"
2886,2886,"4277,8421,350,2140,12990,10326,13296,811,275,1978"
2891,2891,"2140,6971,5303,4798,8421,5999,10326,9799,2218,9580"
2908,2908,"2140,7383,5303,7063,6971,12758,9306,2291,4877,275"
2910,2910,"1290,7120,4929,10663,12497,2916,4576,6243,296,789"
2915,2915,"5999,3950,10326,2218,5303,4798,4413,2140,10340,8562"
2935,2935,"6220,6971,9942,9799,7792,13296,5545,10835,2380,5199"
2946,2946,"1290,7120,6971,4929,10663,544,2916,789,12497,296"
2948,2948,"1290,10607,11024,5135,7120,789,9962,4576,1779,4664"
2969,2969,"2140,5303,2218,7063,11384,220,5999,275,7715,4798"
2979,2979,"789,1290,5135,9962,7120,4576,13309,2916,4929,10607"
3036,3036,"7220,10919,6896,363,4619,4935,587,10009,7325,11546"
3050,3050,"2218,6220,5999,2380,3950,8562,5303,2140,10326,3870"
3056,3056,"1328,350,1377,11590,6306,9375,10352,10891,6402,10431"
3061,3061,"8421,5303,2140,10326,4277,4798,12990,9580,8562,10916"
3066,3066,"6971,6220,8922,13296,7707,9799,8703,2140,2218,7637"
3069,3069,"8421,2140,5303,10326,12857,851,12990,4277,7138,4798"
3094,3094,"2140,5303,8421,6971,4798,4277,10326,331,6220,9580"
3106,3106,"1377,12029,10431,1328,350,3870,9375,11590,2506,4414"
3110,3110,"1290,6971,7120,13296,544,6220,8590,1747,10663,2140"
3115,3115,"5199,5999,3950,5532,3799,4602,2822,8279,4199,3340"
3136,3136,"6971,2140,6220,9799,5303,12026,13296,4413,2218,2380"
3159,3159,"1328,1377,350,13300,11590,13100,10078,10891,12191,6071"
3166,3166,"13296,4277,10326,5303,6220,2140,6971,8421,2218,275"
3172,3172,"1290,7120,4576,789,10607,6971,4929,5135,10663,544"
3200,3200,"1210,8590,3799,1328,350,12635,12470,5495,10326,12339"
3217,3217,"8421,8562,3950,13346,5610,11540,220,10326,4798,12990"
3218,3218,"1290,4576,10607,7679,11024,4664,10674,7120,6610,1779"
3229,3229,"2140,8421,5303,12990,851,4277,10326,9580,4798,331"
3230,3230,"2140,6220,5303,10326,275,6971,7558,8421,12990,2380"
3274,3274,"2140,7063,6971,5303,2291,4798,2264,8161,851,12990"
3285,3285,"8421,10326,4798,5610,12990,2140,12857,3950,11384,5303"
3316,3316,"6220,8421,4413,8562,2789,4798,2380,3870,13346,5999"
3319,3319,"8421,4798,10326,4277,2140,9580,851,5303,331,12990"
3323,3323,"2140,5303,4798,8421,6971,851,4277,331,9580,10326"
3346,3346,"6971,2140,7063,7383,544,275,4664,11024,2218,789"
3354,3354,"2218,220,992,5545,5610,350,9340,5495,11384,11540"
3368,3368,"5303,8421,6971,6220,4798,8562,4277,10326,2140,3950"
3374,3374,"5545,9942,7707,4413,3870,12606,6971,13296,9799,13110"
3391,3391,"8421,4277,811,3950,10326,350,4025,1328,13249,1210"
3397,3397,"5303,2218,8421,13296,10326,2140,6220,4277,8562,8235"
3404,3404,"10429,5149,1863,7706,12723,7707,6220,589,1290,12606"
3408,3408,"6971,5303,2140,2380,2218,4798,5999,9799,10326,8421"
3416,3416,"6971,5303,2140,8235,8590,5999,10835,9799,8922,3909"
3422,3422,"6971,2140,13296,5303,8922,6220,9799,10326,12026,8590"
3423,3423,"6220,2218,7707,8562,5545,2140,7558,9942,2343,3950"
3426,3426,"6971,8590,8922,1290,9799,5303,2140,6220,8235,4413"
3436,3436,"6220,6971,2140,9799,13296,8922,5303,2218,8562,8235"
3448,3448,"2140,5303,10326,6220,8421,275,6971,4277,8590,12990"
3464,3464,"3950,11622,3992,3799,11751,4602,8562,13346,5673,3428"
3472,3472,"1290,7120,4929,6971,10607,789,10663,296,544,5135"
3477,3477,"5303,6220,6971,2140,8562,13296,10326,2380,4413,4798"
3488,3488,"8421,3950,10326,4798,8562,5303,12990,4277,13346,2140"
3497,3497,"2140,6220,2218,5303,6971,8562,10326,8421,4798,2380"
3504,3504,"1290,7120,10663,7706,4929,2916,3487,10429,12497,6243"
3517,3517,"2140,5303,4798,8421,8562,10326,3950,12990,10340,13346"
3538,3538,"2140,5303,6971,8421,4798,7063,851,9580,2291,10326"
3544,3544,"2218,8235,6220,6971,10835,2140,3870,5999,3055,5532"
3547,3547,"13110,12606,4915,11540,2990,6220,3950,2580,3428,5495"
3569,3569,"6971,2140,5303,6220,10326,8421,5999,10835,8562,2380"
3570,3570,"1377,350,10352,1328,2334,7480,8092,5241,2770,6391"
3575,3575,"350,8421,4277,275,10326,2140,811,9340,2218,5303"
3579,3579,"2140,5303,4277,8421,4798,6220,6971,331,10326,13296"
3588,3588,"7120,1290,4929,10663,789,6243,2916,5135,12497,296"
3592,3592,"4576,10674,7679,11024,4664,2989,4163,8714,2957,4216"
3617,3617,"2140,5303,8421,10326,7138,8562,6971,4798,4277,2218"
3632,3632,"2218,6220,5545,9942,12606,7707,2343,3870,89,8235"
3650,3650,"2140,7063,5303,2291,275,7383,6220,2264,6971,238"
3654,3654,"350,7138,1328,275,2506,716,10326,2140,5610,9340"
3656,3656,"8590,2218,6220,6971,2140,13296,8922,275,7707,5303"
3678,3678,"1290,7120,6971,4929,10663,789,12497,5135,6243,2916"
3681,3681,"7325,5027,5105,10352,6640,6060,6952,13111,5760,10974"
3683,3683,"2140,8421,5303,4277,12990,4798,851,10326,331,2380"
3685,3685,"2140,5303,6971,4277,8421,10326,13296,4798,8590,8562"
3699,3699,"7679,3464,2769,10919,7047,10009,8679,9375,5105,13426"
3707,3707,"2218,6220,4413,7707,5545,9799,12606,6166,13296,9942"
3731,3731,"8590,2140,6971,5303,4277,7138,10326,8421,275,4798"
3737,3737,"8421,4798,5303,5999,8562,3950,10340,2140,12990,11843"
3739,3739,"6971,8922,6220,7707,9799,6166,2140,5149,2218,13296"
3744,3744,"3950,2789,6220,4413,2218,2380,13346,3055,5999,8235"
3753,3753,"2140,5303,8421,10326,4798,12990,6971,8562,4277,2380"
3778,3778,"2140,5303,4798,8421,5999,10326,2380,6971,8562,12990"
3786,3786,"3950,11622,10340,5999,5610,2380,10326,2038,2990,13346"
3790,3790,"220,5303,7138,2140,4798,8590,2218,5610,8421,2169"
3804,3804,"8590,1290,9962,4576,789,7138,5135,9072,5303,13309"
3805,3805,"2140,5303,8421,6220,4798,2218,10326,4277,8562,12990"
3819,3819,"6971,6220,13296,9799,5303,2140,2218,2380,8562,5545"
3827,3827,"9375,7679,5105,6060,2769,3464,2770,5494,1377,1558"
3829,3829,"5303,8421,2140,6971,4798,10326,4277,9580,12990,331"
3841,3841,"2140,6971,275,4798,5303,7063,7715,2218,8421,9306"
3849,3849,"789,9962,5135,1290,13309,7120,10607,3539,6811,4576"
3928,3928,"1290,7120,789,5135,9962,10663,296,2916,13309,4929"
3988,3988,"4576,789,9962,4163,5135,1290,10674,2957,4664,10607"
3994,3994,"6220,12606,5545,9942,13110,2218,11969,89,11024,544"
3998,3998,"3950,3870,11622,3799,13346,2580,11751,5610,5999,3992"
4012,4012,"5999,10340,3950,9443,11622,1408,220,8746,2789,1996"
4021,4021,"2140,5303,6971,10326,8421,2380,12990,4798,1634,9799"
4022,4022,"2140,5303,6971,4277,4798,9799,2380,331,12990,9580"
4047,4047,"8703,5149,7706,8981,10429,11615,12723,9668,2020,4698"
4073,4073,"6971,6220,1290,8922,8590,2140,544,2218,13296,7707"
4099,4099,"5303,4277,8421,2218,6220,275,10326,2140,13296,1978"
4100,4100,"9799,8922,6971,6166,12026,4413,5549,6220,4430,8235"
4120,4120,"5303,6971,8590,2140,6220,2218,4798,13296,10326,8421"
4126,4126,"1290,7120,789,5135,4929,10663,296,13309,10607,2916"
4136,4136,"2140,6971,5303,9799,2380,2218,4798,6220,4413,10326"
4160,4160,"4163,2957,4216,789,5135,9962,1851,1558,83,4688"
4173,4173,"6971,8590,1290,6220,89,8922,544,4576,2343,2218"
4177,4177,"2140,8421,5303,4798,10326,4277,851,7138,331,9580"
4183,4183,"8421,5303,10326,4798,4277,9580,2140,12990,331,8562"
4191,4191,"2218,6220,9942,5545,13110,275,350,3509,5495,12606"
4195,4195,"8421,4798,10326,8562,2140,4277,2789,5999,13346,2380"
4213,4213,"6971,8590,6220,1290,8922,13296,544,2218,89,2343"
4226,4226,"8590,6220,2218,13296,10326,4413,5545,4277,5303,3870"
4227,4227,"1290,789,7120,5135,10607,4576,11024,9962,4929,1779"
4232,4232,"10340,1996,3950,8421,5610,220,10594,2580,11843,5999"
4255,4255,"5303,8421,10326,4277,2140,4798,8562,12990,2218,2380"
4258,4258,"7138,5731,350,5610,9733,1018,5495,275,2218,9340"
4274,4274,"1328,8421,350,13300,1180,4277,11590,12191,851,10891"
4289,4289,"1290,7120,4929,10663,6971,12497,6243,2916,8922,12030"
4295,4295,"3950,8421,11622,8562,2380,13346,4798,10326,4413,12990"
4300,4300,"6220,5545,2218,3870,13296,8562,8421,3950,4413,5303"
4334,4334,"1328,2580,8746,350,7705,1210,12566,10891,4398,10410"
4361,4361,"5303,5999,4798,2140,8421,8235,2789,3950,2380,8562"
4377,4377,"3950,220,10340,5610,8562,13346,2580,4915,2218,1996"
4412,4412,"1290,7120,789,5135,9962,4929,10663,13309,2916,296"
4415,4415,"6971,8590,2140,5303,7138,8922,2218,275,7063,10326"
4424,4424,"5303,2140,6971,2291,8590,9306,7063,10326,6166,7138"
4425,4425,"8421,10326,2140,4798,5303,12990,8562,9580,4277,3950"
4430,4430,"8421,3950,8562,10326,13346,12990,11622,4798,10916,2140"
4433,4433,"5303,2140,8421,6971,4798,4277,10326,9799,6220,2380"
4436,4436,"2140,275,7063,6220,5303,5731,4277,11384,2218,992"
4458,4458,"8421,2140,4798,5303,10326,4277,12990,331,851,9580"
4461,4461,"6220,2218,8590,7707,2140,6971,5545,4413,13296,8922"
4488,4488,"6971,6220,5303,2789,2140,2218,4413,8590,4798,2380"
4497,4497,"1290,7120,4929,789,10663,12497,2916,12030,6971,5135"
4498,4498,"2140,8421,8562,10326,4277,5303,7558,1634,275,12990"
4504,4504,"3799,3509,4090,220,350,7087,13110,7705,10431,12541"
4510,4510,"1290,8590,6971,6220,7120,13296,544,4576,2218,5303"
4512,4512,"5105,9375,6060,5760,10352,6952,10974,2770,5027,6150"
4513,4513,"6220,2218,2140,5545,13296,7707,9942,275,8562,5303"
4516,4516,"789,1290,5135,9962,7120,10607,4576,13309,4664,6610"
4526,4526,"6220,13296,2140,5303,2218,6971,8590,5545,4277,8421"
4528,4528,"10326,2218,4413,6220,8562,7707,2140,3950,6971,9942"
4542,4542,"3950,8421,13346,5999,4798,8562,2380,12990,4277,1978"
4559,4559,"1290,7120,789,5135,9962,13309,10607,4929,10663,296"
4572,4572,"2140,6971,10326,2218,6220,5303,5999,8235,8590,2380"
4575,4575,"8562,2218,5303,6220,3950,4413,4798,8421,10326,11540"
4583,4583,"8421,10326,851,12990,4277,1634,2140,1180,11843,331"
4602,4602,"6220,8590,2218,9942,6971,89,5545,7707,8922,13296"
4608,4608,"1290,7120,789,5135,9962,10607,4576,4929,296,10663"
4609,4609,"3950,13110,5545,3799,2580,3870,6220,3428,11540,9729"
4626,4626,"6220,5999,8235,3950,8562,6971,2140,2343,9799,5303"
4642,4642,"3950,9942,1978,3799,6220,3870,7558,11622,5199,13346"
4653,4653,"6220,6971,8922,9799,7707,8235,13296,2343,2218,2140"
4664,4664,"1290,7120,789,5135,10663,2916,4929,9962,296,13309"
4665,4665,"1290,7120,4929,10663,12030,6243,12497,2916,5573,789"
4672,4672,"1290,7120,10607,789,5135,4576,9962,6610,296,13309"
4680,4680,"350,1328,7138,2506,8590,10431,1377,275,9340,2158"
4705,4705,"5999,4798,3950,8421,10326,8562,5303,2380,12990,2140"
4707,4707,"5303,2140,2218,7138,8421,10326,8590,9733,4798,8562"
4711,4711,"2140,6220,6971,8590,5303,13296,10326,2218,4277,8421"
4732,4732,"8421,5610,2140,5303,220,10326,4798,9733,7138,275"
4734,4734,"1290,7120,4929,10663,6243,2916,12497,789,5135,8567"
4735,4735,"1290,7120,7706,4929,5149,10663,10429,3487,7637,1863"
4749,4749,"6220,10429,1863,1290,5976,7706,7120,12723,12606,3487"
4751,4751,"6971,2140,5303,5999,8421,10326,4798,9799,8235,8562"
4762,4762,"2789,11622,5999,9799,11751,6220,2380,796,4413,2218"
4767,4767,"7706,10429,5149,8703,7637,12723,11103,11615,8981,5976"
4771,4771,"6220,8421,8562,10326,2140,5303,3950,4798,2218,4277"
4773,4773,"2140,6220,2218,5303,5545,1978,13296,2380,8562,10326"
4776,4776,"7715,2140,7063,7383,2218,275,238,6220,7707,9454"
4783,4783,"8590,6220,5545,13110,2870,9729,1328,12339,1598,4413"
4788,4788,"8421,5999,4798,10326,1996,10340,12990,3950,11843,851"
4808,4808,"350,5610,1328,11010,2580,220,2506,7558,13110,3870"
4810,4810,"3950,6220,5999,4798,8562,2218,2789,9799,5303,6971"
4818,4818,"8421,3950,13346,11622,8562,11843,11384,5610,11540,13249"
4823,4823,"2218,12606,5545,6220,7707,2343,8590,4413,4576,9942"
4829,4829,"5545,11622,13110,3428,3950,3799,9942,3870,12606,6220"
4842,4842,"6220,9799,8562,7707,4413,3950,6166,4798,8421,2140"
4859,4859,"5999,4413,6220,3950,9799,11540,5545,2789,10835,5199"
4866,4866,"1290,6971,8590,7120,8922,12030,10663,4929,6243,12497"
4881,4881,"6220,10326,4277,8421,5303,2140,2218,13296,4798,6971"
4908,4908,"8703,2291,9668,7063,383,13214,7715,7383,7120,7439"
4910,4910,"1290,789,4929,9962,13309,2916,296,3697,12497,6243"
4922,4922,"2140,5303,8421,6971,6220,4798,2218,10326,12990,8562"
4942,4942,"4576,7679,10674,789,11024,4664,10607,5135,1779,12903"
4976,4976,"6971,2140,5303,10326,8590,9799,6220,8922,4798,2218"
4993,4993,"1290,7120,4929,10663,12497,2916,6243,789,4576,296"
4995,4995,"8421,2140,5303,10326,4277,12990,4798,331,851,9580"
5020,5020,"9375,5105,5760,11771,6659,10078,1377,6082,3464,9516"
5040,5040,"7558,7192,2140,1630,11988,6507,11622,8879,8334,9786"
5048,5048,"2291,9771,7383,37,4877,7439,2140,2264,9306,8452"
5058,5058,"2343,5532,10835,5999,8235,5199,4117,6220,3909,5866"
5067,5067,"8590,13296,4277,6220,2218,10326,5303,7138,2140,8421"
5087,5087,"2140,5999,5303,2380,8421,4798,6220,10326,12990,6971"
5090,5090,"8590,6971,6220,2218,8922,13296,2343,9799,7707,7024"
5102,5102,"2140,2218,5303,7063,6220,7383,8562,7138,5731,275"
5103,5103,"6971,2140,9799,6220,5303,8922,2218,12026,8590,8235"
5105,5105,"1290,7706,10429,7120,5149,1863,3487,12723,589,5976"
5108,5108,"2140,8421,4798,12990,5999,5303,11843,10326,3950,851"
5119,5119,"10429,12723,9083,2218,5149,2373,7637,12606,2058,1863"
5120,5120,"1290,7120,5135,10607,9962,789,2916,4576,10663,13309"
5124,5124,"2291,7063,2140,851,9771,2169,8161,2264,5610,8421"
5132,5132,"2140,2218,10326,8562,5303,7558,1634,2380,8421,12990"
5138,5138,"350,9340,275,1328,992,7138,1018,7063,5731,1210"
5144,5144,"8421,5303,4277,3950,10326,8562,12990,13346,11384,9580"
5159,5159,"8421,4798,4277,6220,5303,2140,10326,12990,2380,8562"
5167,5167,"6220,13296,2218,9942,9733,8590,5545,7707,3870,4946"
5175,5175,"8421,2169,1180,851,10594,2291,9580,9340,350,9848"
5176,5176,"1290,7120,10607,4664,789,5135,10674,11024,4576,7679"
5185,5185,"5999,8235,2789,3950,6971,9799,5199,12026,2140,4413"
5189,5189,"5303,4798,8235,2140,5999,3950,10326,8421,9799,8562"
5191,5191,"5303,8235,5999,2380,10835,2218,8421,4798,5199,8590"
5206,5206,"6971,6220,8922,13296,2140,7707,9799,5303,2218,1290"
5213,5213,"13296,8590,6220,2218,4277,5303,10326,6971,9072,2140"
5224,5224,"4277,10326,8590,5303,851,4798,331,9580,12990,350"
5226,5226,"6971,2140,5303,6220,9799,4798,2218,10326,8590,8922"
5241,5241,"1290,789,5135,7120,9962,10607,13309,4576,2916,4929"
5264,5264,"1290,789,5135,9962,4576,11024,7120,6610,11298,10389"
5268,5268,"2140,8421,5303,4798,6220,10326,4277,12990,6971,13296"
5270,5270,"2140,5303,6971,4798,6220,9799,2380,8421,10326,2218"
5287,5287,"2140,5303,7138,6971,2218,4798,5999,8590,10326,11540"
5314,5314,"6220,13296,9799,2140,2380,6971,4413,5545,5303,9942"
5318,5318,"1290,7120,4929,10663,6971,6243,12497,8922,2916,8590"
5326,5326,"8703,8922,6971,9799,7706,5149,9668,3088,6166,7707"
5336,5336,"8421,2140,5303,4798,4277,10326,851,5999,6220,331"
5343,5343,"789,9962,10674,1290,5135,4664,4576,10607,13309,3539"
5347,5347,"6220,5545,7707,12606,2343,13296,1598,9942,9799,3870"
5354,5354,"2291,9306,2140,7063,5303,8421,4877,4262,2169,6515"
5356,5356,"6971,9799,2140,6220,8922,5303,6166,4413,12026,2380"
5367,5367,"1290,7120,4929,10663,789,296,2916,12497,6243,10607"
5373,5373,"2218,6220,4413,5545,9799,7707,8562,8235,6971,9942"
5385,5385,"8590,13296,10326,4277,6220,8421,7983,5303,2218,7138"
5458,5458,"3950,13346,8562,11540,3870,2580,220,4413,10340,2218"
5463,5463,"2140,5303,6220,6971,13296,8421,4277,4798,2380,10326"
5471,5471,"4163,4216,2957,789,9962,5135,10674,1851,11024,10607"
5476,5476,"8922,1290,2140,7120,4929,2218,9799,5303,8590,12497"
5484,5484,"6971,5999,5303,2218,2140,2380,3950,8562,4798,10326"
5508,5508,"1290,789,5135,9962,7120,10607,4576,13309,6610,296"
5513,5513,"2140,2218,5303,6971,6220,4413,9799,8562,4798,2380"
5520,5520,"8421,4277,2140,10326,5303,331,4798,851,12990,6220"
5524,5524,"6220,4413,3870,3950,2218,8562,1598,11540,220,5999"
5539,5539,"5303,4413,2380,9799,10326,4798,6971,2140,7723,8562"
5554,5554,"350,1328,1377,2506,5610,716,10891,11590,12191,1432"
5564,5564,"2140,5303,8421,851,4798,10326,5999,12990,331,6971"
5595,5595,"2140,2291,7063,5303,8421,6971,851,4798,2264,8161"
5601,5601,"2140,6971,2291,5303,7063,10462,2264,9668,8590,8922"
5602,5602,"8562,8421,10326,6220,2140,5303,2218,3950,4798,12990"
5618,5618,"7138,2218,350,5495,9340,275,12339,1018,12470,8590"
5643,5643,"6971,8235,8922,5999,5303,9799,2140,3055,12026,4798"
5644,5644,"6971,6220,2218,2140,9942,5545,8590,9799,8922,13296"
5651,5651,"2140,6220,5303,6971,8590,8421,2218,10326,4798,7138"
5655,5655,"5999,3950,11622,4413,220,10340,11751,8562,2789,3870"
5658,5658,"5303,2140,4798,8421,6971,9799,9580,10326,12990,5999"
5660,5660,"4576,4664,10674,350,4163,6591,992,2989,8714,11024"
5662,5662,"6971,2140,5303,4798,8922,10326,9799,8421,4277,8590"
5670,5670,"2169,2140,7138,5303,8421,9340,1210,1912,3950,5610"
5676,5676,"789,9962,10607,1290,4163,10674,13309,1851,11298,4576"
5680,5680,"5303,2380,4798,9799,2218,8421,6971,2140,6220,10326"
5698,5698,"1290,6220,13296,544,2343,7120,6971,11969,8590,4929"
5710,5710,"5999,2140,6971,6220,5303,8590,8235,5532,10326,10835"
5723,5723,"1290,10607,4576,7120,6610,1779,11024,789,5135,10389"
5742,5742,"5999,2140,2905,4798,8421,10835,5303,220,5199,7138"
5748,5748,"8562,6220,5999,4798,10326,5303,3870,2380,4413,8421"
5750,5750,"6971,9799,2218,8235,6220,8922,2140,12026,6166,5303"
5787,5787,"5999,3950,6220,8562,2140,4798,13346,11384,8421,12793"
5798,5798,"2140,6971,5303,10326,2218,8562,6220,8235,5532,5999"
5799,5799,"2291,9306,9771,7439,5946,4877,383,7063,8402,10462"
5815,5815,"1290,7120,789,9962,4929,10663,12497,2916,13309,6243"
5822,5822,"2140,10326,5303,8421,9580,12990,2218,7138,4798,8562"
5834,5834,"4798,2140,8421,5303,6220,2218,9799,10326,2380,8562"
5846,5846,"5303,2140,6971,8421,4277,2218,4798,10326,8590,6220"
5858,5858,"5999,2140,8421,4798,1996,10326,12990,3950,9580,6515"
5882,5882,"8421,2140,4277,8562,5303,10326,4798,3950,3870,12990"
5892,5892,"8421,10326,5303,4798,2380,8235,220,13346,8562,5999"
5897,5897,"2140,5303,8421,6971,10326,4798,6220,4277,2218,8562"
5898,5898,"11622,9786,5700,11795,5209,11988,12611,12172,9838,11751"
5902,5902,"350,2218,6220,275,992,5545,3870,4277,2140,13296"
5919,5919,"1290,7120,6971,4929,8590,8922,544,10663,6220,789"
5934,5934,"8421,1180,851,11843,1996,350,2140,10326,12990,4798"
5946,5946,"1290,789,7120,5135,6971,9962,4929,13309,8590,12497"
5965,5965,"5999,10835,5532,5199,4117,220,4053,3870,2905,11289"
5995,5995,"6220,2218,5545,3950,8562,2140,5303,13296,9942,2343"
6005,6005,"6220,8590,6971,8922,13296,2140,1290,2218,10326,7707"
6006,6006,"6220,4413,9799,2218,5545,6971,13296,2990,7707,5999"
6013,6013,"2140,5303,10326,4798,12990,4277,8562,6220,11843,2218"
6016,6016,"8421,11843,3950,12990,13346,4798,5999,4277,8562,2580"
6023,6023,"7120,10663,6243,789,12497,5135,8567,12030,9962,3697"
6052,6052,"3950,8562,8421,2380,4798,13346,9799,2140,10326,4277"
6056,6056,"2140,5303,5999,6220,6971,2380,5199,4798,10835,8421"
6059,6059,"8421,3950,8562,2218,4798,10326,13346,11384,4277,5303"
6064,6064,"5999,11357,6971,8235,4117,7578,10835,3950,2789,5303"
6091,6091,"5999,6971,2140,6220,5303,4798,3950,9799,2789,10326"
6112,6112,"7120,789,5135,9962,13309,10607,10663,296,2916,3697"
6133,6133,"5303,2140,10326,8590,8421,6971,4798,2380,12990,9799"
6150,6150,"7063,9306,9771,2291,7383,4877,5303,5731,2140,238"
6155,6155,"2218,7138,6220,3870,275,220,2140,4413,5545,5303"
6157,6157,"8421,2140,5303,4798,10326,851,9580,11282,12990,331"
6212,6212,"5610,3950,9733,11622,8746,6626,5673,3577,4413,7705"
6218,6218,"8421,3950,4798,4277,8562,2789,13249,1996,1180,811"
6242,6242,"5303,2140,6971,8590,7138,6220,4798,8421,4277,10326"
6243,6243,"8421,4277,10326,6220,5303,8562,2140,2218,6971,4798"
6260,6260,"2291,8421,5303,851,9771,10326,3770,2169,2264,8161"
6262,6262,"350,5610,11010,9340,2580,1210,220,1017,1426,13249"
6278,6278,"2140,2218,6220,275,1978,10326,13296,9942,1017,5303"
6280,6280,"8421,5303,4798,2140,2380,3950,13346,12990,8562,11843"
6287,6287,"2140,6971,2291,5303,7063,8590,7138,8922,4798,10462"
6305,6305,"2140,5303,8421,10326,2218,6971,8562,275,4798,6220"
6320,6320,"6971,1290,7120,8922,8590,6220,4929,2140,10663,9799"
6339,6339,"6220,2218,2140,3950,5303,8562,8421,5545,5999,10326"
6360,6360,"2218,6220,6971,10326,8562,7707,13296,4413,5303,2140"
6370,6370,"6220,5545,8562,3870,2218,2140,9942,7558,1598,1978"
6376,6376,"8421,4798,4277,3950,331,12990,811,10326,11843,8562"
6378,6378,"2218,6971,8922,2140,6220,7707,5303,8235,13296,9668"
6379,6379,"6971,2140,5303,2218,1290,8590,7063,8922,6220,7120"
6398,6398,"8421,10326,4798,2140,12990,4277,811,1978,350,275"
6422,6422,"6971,2140,5303,9799,6220,8590,8922,4798,2218,7138"
6424,6424,"8421,7138,5303,4277,350,10326,8590,4798,3870,2218"
6436,6436,"7325,6150,12204,4935,6640,10707,10732,4465,6487,8911"
6454,6454,"6971,8590,8235,2343,10835,13296,6220,5532,8608,5199"
6464,6464,"8421,4798,4277,12990,2140,1996,1180,331,10326,9580"
6479,6479,"3950,13346,220,2580,8421,11622,1996,5610,10340,11843"
6485,6485,"7637,8703,5149,10429,12723,5976,8981,1863,589,3487"
6488,6488,"6220,2218,5545,9942,275,13110,3870,4413,13296,12606"
6490,6490,"6220,12606,2218,4413,9733,275,5545,7138,7707,13110"
6498,6498,"5303,2140,10326,6220,8562,4277,4798,2218,6971,12990"
6533,6533,"8590,6971,5303,2140,6220,8235,2380,13296,2218,4798"
6577,6577,"2218,8590,10326,6220,5303,8562,8421,3950,4277,2140"
6579,6579,"8421,2140,5303,10326,12990,4277,4798,1634,851,12857"
6583,6583,"6220,2140,5303,8421,6971,8562,2218,4798,10326,9799"
6597,6597,"5303,6971,6220,4798,10326,8421,2218,13296,4277,275"
6599,6599,"6971,1290,8922,8590,2140,5303,2218,6220,9799,13296"
6607,6607,"8421,5303,2140,4798,6220,10326,2380,4277,8562,3950"
6613,6613,"3950,6220,8562,2789,5999,11622,4413,2218,3870,8421"
6622,6622,"6971,2140,8590,5303,6220,8922,13296,8235,3055,2218"
6637,6637,"3950,5999,6220,2218,8562,9942,5545,11622,3870,13346"
6644,6644,"5303,2140,4277,4798,9580,331,10326,12990,851,8562"
6651,6651,"1290,7120,789,5135,10607,9962,4576,2916,10663,4929"
6674,6674,"11622,5999,3950,13346,11751,2789,10340,2580,4602,5199"
6683,6683,"2140,5303,6971,4798,8421,10326,2380,9580,9799,5999"
6686,6686,"1290,6971,7120,8590,8922,4929,2218,10663,12497,6220"
6707,6707,"6971,6220,5303,2140,5999,2218,10835,10326,2380,8590"
6724,6724,"3487,7706,10429,11103,779,11024,1863,4576,2327,12723"
6729,6729,"6220,5545,2218,3870,4413,8562,3950,9942,2140,1598"
6739,6739,"4413,2218,5610,9733,2169,220,3870,7138,3770,350"
6756,6756,"5303,2140,8421,10326,12990,8562,4277,4798,2218,11843"
6764,6764,"2140,5303,6220,8421,4277,4798,10326,13296,6971,12990"
6768,6768,"6220,5545,8562,3870,3950,2140,4414,1598,9942,275"
6787,6787,"6220,2218,8235,7707,9799,10326,6971,13296,8922,4413"
6808,6808,"789,5135,1290,7120,13309,10607,2916,10336,3697,4576"
6811,6811,"2140,7138,5303,275,10326,2218,9733,8421,5610,8590"
6812,6812,"3950,8562,7707,9799,5545,3870,2140,4798,4413,8421"
6831,6831,"2140,6220,13296,6971,7707,2218,5303,7715,5545,275"
6833,6833,"2218,6220,6971,5303,2140,2343,8235,9799,7707,8562"
6840,6840,"7063,2291,2140,7439,9306,2264,5303,5819,13214,9771"
6842,6842,"1290,7120,789,5135,9962,13309,10607,10663,296,3697"
6855,6855,"1290,7120,789,5135,4576,9962,10607,4929,10663,2916"
6869,6869,"8421,2140,5303,10326,4798,12990,8562,4277,9580,851"
6874,6874,"6971,1290,6220,7120,7706,2140,7715,9668,8922,8703"
6879,6879,"5532,10835,5199,5999,3799,2903,10063,4117,4602,9942"
6885,6885,"350,1328,9340,5731,992,275,11010,2218,1018,5610"
6886,6886,"6220,6971,2140,8590,2218,5303,275,10326,13296,8562"
6902,6902,"4277,2140,4798,9580,10326,851,12990,11282,6971,11843"
6908,6908,"789,4576,5135,1290,10607,9962,10674,4664,11024,7120"
6911,6911,"2789,8421,6971,4277,8590,5303,10326,2567,3950,4798"
6912,6912,"3950,4602,11622,11784,6220,13346,454,8235,3870,8562"
6919,6919,"1290,7120,10607,296,10663,789,4576,5135,4929,2916"
6926,6926,"10835,5999,5532,6220,5199,11540,2218,3055,220,3950"
6934,6934,"220,8746,5610,9786,1328,12611,3950,10891,2580,350"
6935,6935,"3950,8421,1210,1978,3428,4277,8562,13346,10326,811"
6939,6939,"6971,9799,8703,4413,9668,5549,2140,5303,6166,8922"
7000,7000,"6971,5303,2140,6220,8590,9799,8922,5999,2218,3055"
7003,7003,"2140,8590,7138,5303,6971,2218,275,7063,4277,6220"
7005,7005,"10326,8421,3950,2218,11384,4277,5610,13346,12857,5999"
7042,7042,"8421,2140,5303,4798,10326,12990,12857,11843,9580,851"
7045,7045,"6220,2140,6971,8562,2218,10835,7558,5545,10326,7707"
7047,7047,"6220,6971,8922,9799,1290,8590,4413,13296,2218,7707"
7053,7053,"6220,9799,7707,2218,13296,9942,7706,8922,5545,12606"
7063,7063,"2905,1328,350,4025,7197,3950,8421,811,11622,3035"
7067,7067,"2218,6220,7558,2140,9942,5545,8562,811,10326,8421"
7071,7071,"8421,5303,2140,4277,10326,4798,331,851,12990,9580"
7078,7078,"2140,275,7558,8562,6220,2218,3870,10835,220,5303"
7109,7109,"2140,5303,4798,2218,8421,8562,10326,6166,7138,5999"
7118,7118,"2140,5303,6971,4798,8421,2291,851,7063,9580,10326"
7129,7129,"1290,7120,789,5135,10607,9962,13309,4576,2916,296"
7133,7133,"350,1328,9375,1377,3509,10431,2506,13306,6402,2770"
7139,7139,"789,1290,7120,5135,8590,9962,4576,6971,4929,13309"
7142,7142,"6971,2140,5303,8590,8922,6220,4798,9799,4277,2218"
7146,7146,"6971,5303,2140,5999,8235,10326,2218,5199,10835,3055"
7172,7172,"2140,8421,10326,5303,9580,12990,4798,8562,4277,1634"
7181,7181,"6971,6220,8590,2140,5303,10326,4277,13296,8421,2218"
7195,7195,"2140,5303,4798,851,6971,4277,331,10326,9580,12990"
7197,7197,"8562,3870,3950,4414,8421,2140,4798,5545,13110,4277"
7203,7203,"1290,7120,789,4929,5135,10663,9962,2916,6243,296"
7223,7223,"6971,8421,5303,4798,10326,8562,2218,2140,3950,9799"
7235,7235,"2957,789,5135,4216,9962,1290,1851,10674,7120,13309"
7236,7236,"2140,5303,6971,10326,8421,8562,6220,2218,4798,12990"
7237,7237,"1290,7120,6971,4929,10663,12497,12030,6243,8922,2916"
7255,7255,"1290,6971,8590,7120,2140,789,13296,10663,12497,12030"
7297,7297,"6220,2140,5999,6971,2218,5545,10835,9799,8562,2380"
7320,7320,"2140,8421,10326,5303,4798,12990,9580,4277,331,851"
7323,7323,"6220,2343,8235,8590,2218,6971,5545,7707,89,10835"
7326,7326,"8421,2140,5303,10326,12990,2218,4798,8562,11843,275"
7343,7343,"8421,2140,5303,4277,4798,851,331,10326,12990,9580"
7363,7363,"9799,4413,6971,6220,2218,8922,8235,5303,12026,8562"
7364,7364,"5303,2140,8421,10326,4798,6971,12990,2380,9580,4277"
7366,7366,"13110,6220,12606,9942,3509,5545,3950,3428,4946,3799"
7372,7372,"5999,4413,2380,8235,5303,2218,3950,2140,10340,10835"
7399,7399,"1290,4576,7120,544,6220,2218,10429,7706,89,9942"
7402,7402,"6971,2140,5303,2218,8590,6220,9799,4798,8922,10326"
7406,7406,"9942,5545,6220,2218,12606,13110,3870,7558,1978,5495"
7421,7421,"2140,6971,9799,8421,2380,4798,8562,13296,2218,5545"
7425,7425,"1290,7120,13296,6220,4929,6971,10663,544,6243,8922"
7431,7431,"2140,5303,8421,4798,851,4277,331,6971,10326,8161"
7447,7447,"8421,3950,4798,8562,12990,11622,10326,10916,11843,6326"
7451,7451,"6220,6971,1290,8922,8590,7120,9799,2218,13296,7707"
7453,7453,"7120,10663,789,9962,12497,13309,5135,12030,2916,4929"
7456,7456,"789,1290,9962,7120,10607,13309,4664,4576,10674,296"
7484,7484,"1290,7120,789,5135,10607,9962,4664,13309,10464,10674"
7486,7486,"2140,5303,4798,6971,8421,10326,2218,9580,8562,2380"
7505,7505,"6971,2140,1290,6220,8590,8922,5303,13296,2218,9799"
7529,7529,"2140,2218,10326,5303,6971,6220,7558,13296,8590,8562"
7532,7532,"789,4576,1558,5135,9962,10607,1851,11024,4163,4664"
7548,7548,"2140,6971,5303,10326,6220,2218,8590,8562,4798,8421"
7550,7550,"350,5610,8421,1328,2506,2169,851,7138,2158,716"
7557,7557,"8421,10326,4277,9580,12990,10594,851,9340,4798,1180"
7574,7574,"789,1290,9962,5135,13309,7120,10607,4664,10674,4576"
7586,7586,"7637,7706,5149,8703,8981,12723,1863,589,1487,5976"
7592,7592,"350,1328,1377,9375,5155,10431,5105,2770,2506,10352"
7594,7594,"2218,3950,2580,13346,11622,220,3428,8562,4602,7558"
7600,7600,"5999,5199,3799,10835,4117,2905,5532,3950,3428,4199"
7601,7601,"2140,5303,8421,12990,851,10326,4798,11843,2380,7063"
7642,7642,"789,9962,5135,4163,1290,1558,2957,13309,4664,10674"
7647,7647,"2140,2218,5303,6220,6971,10326,8421,4798,4277,8562"
7650,7650,"6220,2140,8562,8421,6971,2218,275,8590,11384,3950"
7660,7660,"1290,789,5135,7120,9962,10607,4576,13309,296,2916"
7682,7682,"6220,5303,2140,6971,8562,8421,10326,13296,4277,5545"
7712,7712,"6971,6220,8590,2218,13296,2140,5303,8922,9799,4413"
7728,7728,"3950,1996,10340,10594,10473,8421,13114,5610,8746,10326"
7763,7763,"6220,8562,8421,3870,2789,4798,13296,4413,4277,10326"
7764,7764,"6971,2140,6220,2218,5303,8590,8922,13296,10326,9799"
7765,7765,"5999,8590,5532,2218,10835,2140,8235,7138,4117,3055"
7768,7768,"2218,7707,6220,12606,5545,9942,13110,3799,3870,4430"
7776,7776,"1290,7120,789,5135,9962,4576,4929,2916,13309,10663"
7834,7834,"2140,2291,8421,2169,851,5303,1180,7138,3770,4798"
7850,7850,"8421,12990,4798,11843,331,1996,851,7197,10916,4277"
7860,7860,"5303,6220,2140,2218,6971,4798,4277,13296,8590,10326"
7879,7879,"2140,6971,5303,8421,4798,10326,2380,12990,9580,9799"
7892,7892,"6971,8590,8922,10326,5303,1634,2140,6220,2218,1290"
7895,7895,"5999,2140,13346,3950,11540,10340,8562,6220,2990,220"
7901,7901,"5303,8421,4277,2140,10326,4798,6971,331,9580,12990"
7922,7922,"4277,8421,5303,2140,4798,12990,331,13296,8590,6220"
7927,7927,"6220,6971,9799,5303,2218,13296,2140,4798,2380,10326"
7931,7931,"2140,5303,8421,6971,10326,4277,4798,9580,12990,6220"
7938,7938,"5999,5532,5199,4117,10835,10326,8590,3055,6220,2218"
7942,7942,"8421,10326,12990,4277,3950,811,6220,8562,4798,9942"
7964,7964,"2218,3950,4602,3799,3992,11622,5999,13346,5545,220"
7982,7982,"5999,3950,2789,11622,13346,2380,9443,220,10340,11751"
7988,7988,"1290,7120,789,4929,10663,5135,9962,2916,6243,12497"
7992,7992,"8421,5303,10326,4798,331,851,4277,12990,11843,9580"
8005,8005,"6971,5303,2140,9799,2218,6220,2380,8922,12026,8590"
8019,8019,"10919,7047,10009,3464,13426,4619,5504,12094,11334,5561"
8026,8026,"3950,6220,9942,10326,5545,2218,8562,3870,2789,11622"
8028,8028,"2343,8235,6220,10835,6971,5999,9799,5532,5199,2140"
8085,8085,"6626,12378,350,9473,10891,2897,8746,1328,2205,4398"
8103,8103,"6971,8235,8922,1290,2218,8590,5303,2343,2140,9799"
8108,8108,"6220,3950,8421,3870,811,1978,3428,8562,1598,4277"
8137,8137,"6971,2140,8590,5303,6220,8922,9799,8235,2218,5999"
8138,8138,"2140,5303,8421,6971,10326,9580,331,4277,12990,851"
8139,8139,"8421,851,331,12990,4277,5303,4798,9580,10326,11282"
8148,8148,"6220,6971,2140,13296,5303,2218,8562,7707,5545,10326"
8150,8150,"2140,5303,6220,275,10326,8421,4277,4798,2218,8562"
8160,8160,"1290,7120,789,10663,4929,5135,12497,2916,296,10607"
8175,8175,"2218,2140,8590,7138,6220,6971,544,5303,10326,9072"
8191,8191,"1290,7120,789,6971,4576,4929,8590,5135,12497,9962"
8198,8198,"2140,6971,8421,4798,4277,10326,2380,331,851,9580"
8202,8202,"789,9962,1290,5135,4576,7120,13309,2916,4929,12497"
8233,8233,"8235,2218,3055,8590,5875,5199,5303,10835,2903,4266"
8251,8251,"2140,5999,5303,4798,10326,2218,7063,220,8421,1912"
8252,8252,"8421,2140,851,4798,331,5303,10326,4277,9580,12990"
8265,8265,"6971,9799,9668,8703,2140,6166,6220,5303,13296,8235"
8267,8267,"8421,5303,2140,10326,4798,12990,851,9580,10138,8562"
8268,8268,"6220,8562,3950,3870,1978,2218,3428,9942,13346,5545"
8294,8294,"6971,2140,6220,5303,10326,8590,9799,13296,2218,10835"
8299,8299,"1290,789,9962,7120,13309,10607,2916,10663,296,4929"
8302,8302,"5303,2140,8421,4798,12990,851,4277,10326,331,9580"
8303,8303,"1290,789,4929,5135,12497,296,3697,8567,12030,13101"
8323,8323,"6971,2140,6220,8235,12026,10835,13296,9799,7707,5303"
8327,8327,"3950,8235,5999,4413,9942,3055,5199,8562,2380,10835"
8331,8331,"2140,5303,4798,6971,6220,8421,2789,2380,2218,5999"
8332,8332,"350,220,2905,13306,2218,7138,810,6220,275,992"
8334,8334,"3950,8562,3870,5999,6220,5545,2218,2380,4413,11384"
8337,8337,"1290,7120,4929,10663,789,5135,2916,10607,296,6243"
8341,8341,"5999,3950,11622,2789,8421,4798,13346,1996,10340,11357"
8361,8361,"6971,2140,8922,9799,5303,9668,12026,6166,8590,6220"
8369,8369,"2218,8590,6220,13296,2140,5303,275,9942,5199,7138"
8378,8378,"5303,2140,2218,6971,8421,10326,8590,275,9072,560"
8407,8407,"1290,4576,789,5135,9962,10607,7120,6610,10389,4664"
8419,8419,"7120,1290,789,4929,2916,4576,12497,5135,10663,9962"
8424,8424,"9325,13296,6971,7706,9668,8703,10378,3487,8922,2823"
8425,8425,"8421,2140,811,1978,4277,10326,12990,4798,5610,350"
8438,8438,"1290,789,7120,5135,9962,13309,4929,10663,12497,3697"
8447,8447,"8421,4798,10326,12990,4277,5303,9580,851,2140,12857"
8458,8458,"2291,9771,7063,4877,9306,7439,13214,10462,5747,2140"
8463,8463,"6220,6971,10326,8421,5303,4277,13296,8590,8562,2218"
8471,8471,"2140,5303,6971,4798,8421,5999,10326,2380,8235,12990"
8472,8472,"789,1290,5135,7120,9962,4576,10607,4664,10674,13309"
8477,8477,"6971,2140,5303,5999,8922,9799,8235,12026,10835,3055"
8478,8478,"2140,6220,5303,2218,275,6971,4277,8562,8421,5545"
8483,8483,"1290,7120,789,5135,9962,13309,4929,10663,2916,12497"
8496,8496,"6971,8922,5303,2140,8590,10326,9799,8235,12026,4798"
8497,8497,"8421,1210,10326,8562,1328,811,8590,350,6220,9340"
8501,8501,"5999,3950,10340,2199,9799,2789,4413,4798,2990,11751"
8506,8506,"6220,2218,5545,3950,5999,13296,3870,4413,9942,4602"
8520,8520,"2140,6971,5303,8421,10326,4277,4798,12990,9580,1634"
8524,8524,"5303,2218,2140,8421,6220,4277,10326,4798,6971,8590"
8531,8531,"2218,2140,4798,5303,8562,6220,11384,8421,6971,4277"
8556,8556,"2140,5303,8421,10326,4277,2218,8562,4798,6220,12990"
8579,8579,"1290,789,10607,5135,7120,9962,4576,11024,6610,10389"
8585,8585,"1290,7120,6971,4929,10663,13296,8922,4576,296,2916"
8591,8591,"3950,8421,4798,4277,10326,6220,5999,12990,13346,11843"
8592,8592,"1290,7120,4929,10663,789,2916,6243,5135,9962,13309"
8596,8596,"6220,3950,8562,3870,8421,13346,5545,11540,2218,11384"
8598,8598,"2218,6220,5303,10326,8562,2140,1978,4277,8421,3950"
8608,8608,"1290,7120,789,5135,9962,10663,13309,12497,3697,296"
8610,8610,"1290,7120,789,5135,9962,13309,4929,10663,2916,12497"
8617,8617,"1290,7120,789,5135,9962,13309,10607,3697,2916,6811"
8621,8621,"11622,5999,8413,10835,7715,11751,2380,5303,2218,2140"
8629,8629,"2218,6971,8590,544,4576,2140,6220,1290,9962,789"
8649,8649,"4163,7063,10674,4216,7383,4576,992,2957,238,5731"
8652,8652,"7120,789,5135,9962,13309,10607,4929,12497,296,2916"
8714,8714,"8590,4576,1290,7120,9962,789,5135,4664,2218,544"
8718,8718,"8235,6220,7024,2218,2343,89,6971,9942,5199,7707"
8733,8733,"2218,6220,6971,8590,5303,2140,5545,544,13296,2343"
8734,8734,"6220,2218,6971,5545,13296,2343,8590,7707,89,544"
8754,8754,"5999,3950,6220,8562,8421,4798,2218,10835,10326,5303"
8771,8771,"2140,6971,9799,5303,6166,6220,12026,4798,9668,4413"
8791,8791,"2140,6220,6971,5303,13296,8590,10326,2218,4277,8421"
8794,8794,"3950,2218,8562,6220,4413,5303,2380,13346,10326,4798"
8797,8797,"1328,350,1210,1377,10201,9340,2004,9375,12094,12339"
8804,8804,"3950,10326,8562,5999,4413,2218,8421,4798,5303,13296"
8809,8809,"2140,5303,8421,4798,6971,4277,851,10326,331,5999"
8823,8823,"1290,7120,4929,10663,12497,789,6243,2916,12030,9962"
8833,8833,"6220,4277,8421,10326,2140,13296,8590,10835,2380,1978"
8835,8835,"1290,7120,789,5135,9962,4929,4576,10663,13309,10607"
8840,8840,"2140,7063,5303,2291,5819,6971,9306,2264,9771,4798"
8842,8842,"1290,7120,8590,6971,8922,4929,4576,10663,9962,2218"
8860,8860,"1290,789,5135,7120,10607,9962,4576,4664,11024,13309"
8866,8866,"5999,8421,4798,2140,5303,10326,3950,9580,11843,11282"
8877,8877,"7063,2291,9771,2140,9306,2218,4877,5999,5303,7439"
8887,8887,"2140,275,6220,7558,5303,1978,2218,11622,8562,3908"
8895,8895,"5303,2140,6971,4798,2218,8421,10326,8590,4277,7138"
8907,8907,"1290,7120,789,5135,4929,9962,10663,2916,13309,12497"
8921,8921,"2580,1210,350,1426,8421,5495,13346,3950,11384,11010"
8928,8928,"789,10674,4216,9962,5135,4163,4576,7679,4664,2957"
8936,8936,"8590,1290,12030,8922,2218,4576,7138,9733,7120,9962"
8965,8965,"6971,6220,2140,13296,9799,5303,5999,5199,8235,10835"
8971,8971,"6220,5999,5199,10835,6971,5532,9942,8235,13296,2218"
9000,9000,"1290,7120,4576,4929,2916,6220,10663,296,789,8590"
9023,9023,"8590,2218,1978,13296,2140,10326,4277,6220,9072,7138"
9025,9025,"6971,8590,6220,5303,2140,2218,8922,9799,13296,10326"
9031,9031,"5999,2789,3950,8235,11357,7578,6971,4798,9799,10340"
9045,9045,"2140,275,7063,5303,992,2218,6971,5819,8071,7715"
9053,9053,"6220,8235,6971,12026,4413,7707,13296,8922,2380,5999"
9054,9054,"6220,9942,5545,2218,3870,7558,1978,13110,4413,3428"
9060,9060,"6220,6971,2140,5303,9799,13296,5545,2218,2380,4413"
9063,9063,"10340,5999,5610,11622,220,1996,4798,8421,3950,2140"
9071,9071,"8235,7024,6220,2218,7707,5875,2343,12606,11403,3870"
9078,9078,"6971,2140,6220,8590,8922,5303,13296,2218,5999,8235"
9101,9101,"6220,6971,2140,2218,13296,5303,8590,8922,9799,4798"
9108,9108,"2140,6220,2218,8562,10326,5303,5545,4798,5999,275"
9110,9110,"5303,8562,3950,6220,4277,8421,3870,4798,2140,11751"
9114,9114,"5303,6971,2140,4798,8590,6220,9799,8421,4277,10326"
9144,9144,"1290,7120,4929,10663,2916,296,13309,10607,4576,12497"
9172,9172,"1290,6971,7120,4929,8922,6220,10663,13296,6243,8590"
9185,9185,"8703,1290,7637,7120,5149,4929,2020,8922,10663,6243"
9190,9190,"6971,5303,2140,9799,8421,4798,10326,9580,8922,12026"
9193,9193,"2140,5999,8421,5303,2905,4798,851,10326,2380,12990"
9198,9198,"2140,7138,9340,5303,10326,1210,4679,8421,1912,2169"
9200,9200,"6971,13296,1290,5303,6220,2140,544,7120,4277,10326"
9201,9201,"4413,9799,2218,6220,6166,8703,5549,7723,5999,8922"
9204,9204,"6971,13296,8590,8562,10326,2140,4277,8421,4798,5303"
9215,9215,"6971,1290,7120,4929,8922,10663,8590,2140,6243,12030"
9222,9222,"1290,7120,789,5135,9962,4929,10663,2916,13309,296"
9233,9233,"4277,8421,8590,12990,5303,1210,2158,9340,9072,811"
9235,9235,"6220,9799,8922,6166,2218,4413,7707,6971,4430,5149"
9245,9245,"1290,789,7120,4929,13309,10663,2916,12497,296,6243"
9275,9275,"1290,8590,6971,8235,8922,7024,7120,2218,4929,9799"
9308,9308,"6220,5545,7707,4413,13296,2218,12606,3870,9942,4414"
9323,9323,"10326,8421,4277,12990,1634,1017,1978,275,811,7558"
9329,9329,"8421,3950,5999,8562,5303,2789,2380,10326,4277,6220"
9355,9355,"5303,2140,2218,6971,8562,3950,5999,4413,6220,4798"
9369,9369,"2140,5303,2291,7063,8421,4798,6971,851,9580,1912"
9386,9386,"6971,6220,2140,8590,2218,8922,13296,1290,5303,544"
9388,9388,"6220,13296,7707,2140,5303,6971,5545,4413,4798,9799"
9401,9401,"4576,1290,7679,10674,4664,10607,11024,789,7120,6610"
9418,9418,"3950,8421,10326,8562,4798,13346,811,4277,1978,12990"
9433,9433,"8421,5303,2140,2291,851,4798,8161,331,4277,9580"
9440,9440,"8421,4277,10326,2140,12990,8562,4798,6220,5303,331"
9446,9446,"5999,3950,8421,2380,6220,4798,2218,10326,8562,4277"
9464,9464,"2218,6220,8590,7707,2140,13296,12606,5545,9942,275"
9477,9477,"2140,2218,3950,10326,8421,5999,220,4798,7138,5610"
9488,9488,"1290,789,7120,5135,9962,10607,4929,296,10663,13309"
9500,9500,"8421,5303,4798,5999,10326,4277,12990,2140,851,3950"
9502,9502,"8421,8562,2140,5303,3950,4277,10326,4798,13346,2218"
9507,9507,"8235,7024,5999,2343,5875,5532,10835,11403,3055,5199"
9528,9528,"7679,11024,10674,1851,12903,10607,9732,4576,4163,4216"
9539,9539,"2140,5303,6971,8421,10326,4798,4277,8590,9580,2218"
9566,9566,"8590,5303,6971,2218,2140,7138,6220,13296,275,4277"
9575,9575,"8421,1328,11622,350,4025,7197,2580,12611,11572,1180"
9583,9583,"6220,8421,2218,5999,4798,1978,7558,3950,7900,5303"
9589,9589,"2140,6971,5303,10326,6220,8421,4798,13296,2380,4277"
9591,9591,"2140,5303,6971,4798,8421,9580,851,10326,331,4277"
9617,9617,"220,5610,7138,2140,2218,11751,5999,2506,5303,2380"
9620,9620,"3950,2218,3870,11622,4602,11784,4413,3799,5673,220"
9622,9622,"2905,5999,3950,8746,1996,220,8421,11843,13346,4117"
9631,9631,"350,1377,1328,10891,2334,9375,2770,10431,2506,6306"
9655,9655,"2140,2218,5303,6220,4798,5999,10326,7138,6971,4413"
9658,9658,"2140,5303,8421,4798,2380,10326,12990,5999,331,851"
9660,9660,"10674,1290,789,4576,4664,11024,5135,10607,7679,7120"
9669,9669,"1290,7120,789,10663,4929,9962,5135,12497,2916,13309"
9672,9672,"6971,8590,5303,2140,10326,13296,6220,4277,8922,8421"
9684,9684,"10352,9375,8540,6402,5105,6952,1377,8092,5760,9516"
9702,9702,"1290,7120,789,10663,5135,9962,4929,2916,3697,296"
9705,9705,"8421,5303,4798,10326,851,5610,4277,12990,2140,331"
9722,9722,"2291,9306,9771,4877,13214,7063,7439,10462,5946,2149"
9732,9732,"7679,1851,11024,4163,10674,4216,2957,9732,10607,12903"
9781,9781,"8590,1290,4576,9962,2218,6971,789,5135,8922,544"
9803,9803,"6971,5303,2140,8590,8922,6220,9799,5999,4798,13296"
9809,9809,"9942,1978,3950,10326,6220,8562,3870,13306,3428,7900"
9814,9814,"2140,8421,5303,9580,10326,12990,6971,11282,851,6515"
9818,9818,"5303,6971,5999,2218,2140,10326,4798,6220,8421,10835"
9820,9820,"5999,1996,8746,12611,11622,10340,1408,11843,8421,10594"
9848,9848,"2140,5303,8421,4277,6220,275,4798,12990,2218,1634"
9856,9856,"8590,6220,5303,6971,2140,275,13296,544,9942,2218"
9869,9869,"2140,8421,275,5303,350,6220,7558,9340,992,7138"
9889,9889,"2140,5303,8421,2218,4798,6220,8562,10326,12990,4277"
9923,9923,"8421,10326,2140,4798,5303,12990,5999,4277,3950,9580"
9929,9929,"3950,5999,2789,11622,13346,220,3870,2380,11751,8421"
9961,9961,"1290,6971,7120,4929,8590,8922,10663,8235,789,12497"
9969,9969,"6971,8590,1290,2140,8922,5303,7120,12030,7138,9962"
9974,9974,"4576,1290,4664,544,8590,10607,2218,7120,11024,789"
9976,9976,"1558,2957,12903,7679,4216,4163,1851,11024,9732,789"
9989,9989,"6220,5303,8562,2380,4413,2140,3950,5999,8421,4798"
9993,9993,"5545,2218,2140,8562,7707,9942,3870,7558,4413,12606"
10002,10002,"9375,10078,1377,5105,6659,6402,5760,8540,8092,1328"
10011,10011,"1290,10607,789,5135,4576,9962,7120,11024,6610,10674"
10016,10016,"6971,8590,6220,8922,5303,10326,9799,2218,13296,9580"
10028,10028,"6971,5303,2140,8590,8922,7138,2291,4798,9580,10326"
10029,10029,"6220,2140,10326,8421,2218,5303,4277,6971,8590,8562"
10033,10033,"6971,8922,2218,2140,5303,6220,9799,8235,6166,8590"
10042,10042,"2140,5303,6971,8421,10326,4798,4277,9580,12990,8590"
10046,10046,"8421,4798,3950,4277,10326,12990,5999,2140,13346,11843"
10061,10061,"2140,6971,5303,4277,4798,8421,8590,331,851,13296"
10071,10071,"8421,2140,8562,6220,3950,5303,4798,10326,12990,3870"
10084,10084,"2140,10326,8421,8562,2218,6220,275,4798,7558,9942"
10091,10091,"5999,11622,3950,4798,13346,10340,8421,2199,8562,1996"
10102,10102,"4929,789,10663,5135,296,2916,9962,10607,12497,6243"
10104,10104,"2140,5303,2218,6220,8562,4798,3950,2380,8421,6971"
10121,10121,"6971,1290,7120,8922,8590,4929,789,10663,12497,5135"
10131,10131,"6220,5999,4413,3950,5545,8562,2218,10340,9942,11540"
10134,10134,"238,2291,7063,7383,4985,383,4877,7439,8071,10776"
10139,10139,"1290,7120,789,5135,9962,13309,10663,3697,10607,2916"
10144,10144,"5999,3950,11622,2789,4798,8421,13346,10340,1996,9443"
10155,10155,"2218,6971,5303,9799,2140,4413,8562,4798,2199,10326"
10168,10168,"1290,7120,4929,10663,6243,2916,3487,12497,9564,7706"
10178,10178,"8590,6971,1290,89,789,6220,5135,9962,7120,10607"
10186,10186,"2218,6220,5545,4413,7707,9942,12606,13296,3870,1598"
10190,10190,"350,8421,4277,1328,811,12990,1210,12857,1017,992"
10194,10194,"2218,7558,9942,13110,13310,5545,6220,275,220,13346"
10196,10196,"2218,8562,8421,10326,5303,3950,4277,4413,7138,4798"
10215,10215,"2140,6971,5303,8922,10326,4798,8590,2218,9799,8421"
10218,10218,"12606,11103,9942,6220,12723,5545,4413,10429,4430,13110"
10251,10251,"2140,5303,8421,4798,6971,10326,6220,2380,4277,9799"
10252,10252,"1290,789,7120,5135,9962,13309,4929,2916,10663,10607"
10262,10262,"6971,8922,9799,6166,2140,5303,9668,8235,5999,8703"
10266,10266,"6220,5545,13296,9942,7707,3950,8562,2218,12606,2140"
10271,10271,"5999,6220,7707,2140,10835,12606,5545,8562,5532,6529"
10277,10277,"5303,2140,6971,8590,13296,4277,6220,10326,8421,4798"
10282,10282,"6971,2140,5303,10326,8590,2218,13296,8421,6220,8922"
10286,10286,"1290,7120,4929,10663,12030,789,6243,12497,2916,5135"
10305,10305,"5999,5303,10326,2140,8421,6971,4798,12990,2218,4277"
10309,10309,"6971,8235,8922,6220,9799,8590,4413,2218,7707,5999"
10335,10335,"1290,789,7120,5135,9962,13309,10607,2916,4576,10663"
10340,10340,"7679,11024,12903,10607,10674,4576,9732,1851,789,1779"
10375,10375,"2140,6220,5303,2218,6971,8562,7138,4798,10326,275"
10388,10388,"2140,5303,6971,10326,2380,6220,4798,8421,8562,12026"
10397,10397,"2140,5303,8421,10326,12990,4277,851,4798,2218,331"
10402,10402,"5303,5999,6220,6971,8235,2140,9799,2218,8562,2380"
10407,10407,"8590,6220,13296,2218,275,9072,544,4277,2140,5303"
10408,10408,"9306,2291,7063,2140,8452,5303,7439,7383,4877,9771"
10416,10416,"12611,2905,3509,1978,350,64,5610,11622,2580,7899"
10448,10448,"2140,5303,6971,2218,6220,2380,9799,4798,7063,6166"
10454,10454,"3950,3870,11622,11751,10340,13346,5999,2789,220,3799"
10499,10499,"10326,8421,5303,8590,4277,2140,4798,12990,9580,1634"
10503,10503,"8590,2218,6220,2140,7138,275,5303,6971,544,13296"
10504,10504,"4576,789,10674,4664,1290,8590,544,5135,8714,9962"
10508,10508,"2140,5303,8421,4798,4277,851,10326,12990,331,6971"
10514,10514,"2218,8421,10326,2140,3950,811,12990,4798,1978,8562"
10526,10526,"8421,350,4277,12990,10326,851,811,4798,1328,5610"
10540,10540,"2291,9306,13214,9771,4877,7439,7063,10462,5747,12871"
10542,10542,"8421,2140,5303,4277,4798,10326,8562,13346,2218,11384"
10551,10551,"6220,2218,6971,8562,10326,5303,2140,9942,8590,4413"
10554,10554,"6220,7707,6971,2140,12665,2343,8922,5545,10835,8590"
10555,10555,"1290,8590,7120,13296,6220,544,4576,10663,2916,13309"
10556,10556,"2140,5303,4798,8421,6971,5999,851,2291,10326,2380"
10562,10562,"6971,5303,2218,2140,10326,5999,3055,4798,8562,8235"
10575,10575,"1290,7120,789,5135,9962,4929,10663,2916,13309,12497"
10576,10576,"2140,5303,8421,4798,10326,12990,331,851,9580,6971"
10582,10582,"6971,5303,4277,13296,9799,4798,8590,8421,2380,8922"
10584,10584,"3950,8562,6220,10326,2789,5999,4413,8421,5303,4798"
10606,10606,"2140,2218,5303,6220,7558,275,8562,10326,6971,13296"
10611,10611,"8421,350,12990,811,4277,11010,5610,1634,9340,7197"
10613,10613,"2140,5303,6971,8421,4798,8590,10326,6220,331,13296"
10614,10614,"7706,10429,3487,11103,12723,5976,2327,779,5149,1863"
10623,10623,"7024,8235,11403,7983,5149,10429,12723,7706,5524,13191"
10647,10647,"789,4163,9962,5135,2957,1851,4216,1290,1558,13309"
10657,10657,"8421,2140,851,5303,12990,331,10326,4798,8161,11843"
10670,10670,"8421,2291,851,2140,8161,5303,12990,1180,4798,331"
10679,10679,"1290,7120,789,5135,9962,4929,2916,10663,10607,13309"
10680,10680,"2140,8421,5303,6220,4798,2380,4277,8562,275,2218"
10699,10699,"2140,5303,4798,8562,4413,6971,2218,2380,8421,2789"
10715,10715,"2140,7063,5303,7138,2291,6971,2218,275,8590,1912"
10720,10720,"3950,5999,2140,10340,5303,8421,8562,4798,10326,1996"
10735,10735,"6220,6971,2140,13296,8590,5303,9799,2218,10326,8922"
10742,10742,"6220,13296,9942,6971,2218,7707,5545,4413,2140,2380"
10744,10744,"8421,10326,4277,5303,2140,7138,4798,851,2218,6220"
10747,10747,"8590,6220,2218,6971,13296,544,5199,89,10835,10326"
10769,10769,"8590,2218,5303,6971,2140,6220,5199,5532,8235,3055"
10795,10795,"2140,8421,5303,4277,4798,851,331,10326,12990,6220"
10817,10817,"1290,9962,789,5135,7120,13309,6811,10607,3697,2916"
10819,10819,"2140,5303,8421,4798,7138,851,10326,6971,4277,1912"
10828,10828,"6971,6220,8590,2218,5303,2140,13296,9799,4413,8922"
10860,10860,"3950,3870,11622,8562,5610,3992,220,13346,8421,7558"
10868,10868,"789,1290,9962,5135,4576,7120,10607,13309,4664,2916"
10895,10895,"2140,5303,6971,4798,8562,6220,10326,9799,2218,6166"
10900,10900,"2140,5303,6971,8421,851,4798,11282,331,10326,12990"
10912,10912,"4935,363,5561,587,7325,10009,13426,3567,11546,10732"
10934,10934,"1290,7120,789,4576,4929,5135,10607,6971,8590,4664"
10947,10947,"5999,2140,10326,6971,5303,4798,5199,12990,8590,8421"
10950,10950,"2140,8421,5303,851,4798,12990,10326,5999,331,8161"
10964,10964,"1290,7120,789,5135,4929,9962,10663,2916,296,13309"
10965,10965,"6220,2218,5545,9942,12606,275,7558,3870,13110,7707"
10968,10968,"2140,5303,6971,6220,4277,2218,8590,8421,10326,13296"
10972,10972,"8421,4798,3950,12990,4277,5999,5303,8562,2380,2140"
10975,10975,"6971,2140,5303,8590,2218,6220,8922,7138,7063,275"
11028,11028,"2140,8421,4277,13296,10326,8562,9799,6971,4798,2380"
11030,11030,"1290,7120,8590,4576,544,789,10607,4664,5135,296"
11044,11044,"10429,6220,12606,7707,2218,1863,3487,12723,5545,11103"
11048,11048,"5999,8746,1996,2905,3950,2580,11622,13346,11843,8421"
11065,11065,"6971,1290,2140,5303,7120,8922,7063,8590,2291,10462"
11085,11085,"789,9962,5135,1290,13309,6811,7120,3539,10674,10607"
11088,11088,"2291,7063,2140,9771,5303,2264,7138,2169,4877,851"
11100,11100,"1290,789,5135,10607,7120,9962,4576,11024,4664,10674"
11102,11102,"4798,2218,8562,2140,3950,8421,4413,6220,9799,5303"
11105,11105,"5999,6971,5532,8235,10835,11357,8922,5199,9799,3055"
11107,11107,"6971,5303,4798,2140,5999,8421,2789,9799,10326,4413"
11109,11109,"1290,7120,4929,10663,7706,6243,10429,1863,5149,2916"
11120,11120,"1290,9962,789,5135,7120,13309,6811,2916,3697,10607"
11121,11121,"2789,6220,2218,5303,3950,2380,6971,5999,4413,2140"
11133,11133,"4935,5561,12226,7220,587,4159,5140,10732,12539,2026"
11149,11149,"8421,851,2140,2169,12857,11843,5303,1180,8161,12990"
11152,11152,"1290,7120,2916,4929,10663,10607,5135,789,6243,296"
11160,11160,"2218,6220,5545,9942,8562,3870,3950,4413,12606,13110"
11163,11163,"6220,10326,2140,13296,8590,2218,4277,8421,5303,8562"
11168,11168,"2291,7439,9771,4877,7063,9306,13214,2140,2149,5747"
11193,11193,"8590,6971,2140,5303,8922,2218,7138,10326,6220,7063"
11200,11200,"6220,3428,3950,3870,1598,13110,8562,9942,9729,4413"
11210,11210,"1290,7120,6971,4929,10663,12030,6243,8567,2916,8922"
11215,11215,"2140,5303,8421,4798,851,10326,12990,4277,2169,8161"
11219,11219,"10674,789,1290,9962,4664,5135,7679,4576,10607,13309"
11243,11243,"350,9340,1328,5610,992,2506,11010,2140,8421,220"
11253,11253,"1290,7120,789,5135,9962,4929,10607,10663,2916,13309"
11261,11261,"6220,6971,2140,13296,8590,5303,2218,8922,9799,4277"
11280,11280,"6971,8235,9799,8590,5999,2343,8922,6220,10835,5532"
11285,11285,"1290,7120,10663,4929,2916,789,12497,5135,6243,296"
11309,11309,"8421,10326,6220,8562,2140,3950,2218,5303,4798,4277"
11312,11312,"2218,5999,2140,5303,6220,6971,8562,2380,5199,9799"
11314,11314,"8421,11843,3950,4277,10326,13346,12990,12857,1996,4798"
11325,11325,"275,6220,4277,10326,8590,8421,13296,5303,1978,7558"
11327,11327,"9799,6220,6166,7707,4430,4413,2218,9937,9668,8703"
11359,11359,"6971,2140,6220,5303,13296,10326,2218,8590,8922,4277"
11366,11366,"4576,4163,9962,2957,789,8590,10674,5135,13309,4664"
11368,11368,"1290,7120,789,5135,4576,4929,9962,10663,10607,2916"
11371,11371,"350,5610,3870,5495,3799,220,9733,275,2506,12470"
11376,11376,"5303,8590,2140,6971,7138,10326,2218,8421,6220,8562"
11377,11377,"2140,5303,8421,10326,4798,12990,6971,4277,9580,8562"
11383,11383,"2140,2218,6971,6220,9942,275,7558,1634,10326,544"
11416,11416,"10352,1377,6952,2770,8540,9375,5105,5027,6060,6306"
11444,11444,"2218,350,220,275,5610,9340,8421,7138,3870,992"
11445,11445,"350,8421,8590,4277,1328,7138,275,6220,5610,10326"
11448,11448,"6971,6220,2218,8922,8590,1290,2140,5303,13296,544"
11469,11469,"6971,2140,5303,8922,8590,2218,4798,10326,5999,9799"
11487,11487,"7120,4576,10607,789,4664,296,6610,4929,2916,10663"
11492,11492,"5303,5999,8562,2380,10835,9799,8235,4413,4798,10326"
11503,11503,"6220,2140,5303,4277,8421,2218,10326,4798,13296,6971"
11504,11504,"2140,5303,7138,2218,275,6220,4798,220,4277,8590"
11515,11515,"8421,4277,6220,3950,4798,10326,8562,331,5303,12990"
11547,11547,"5999,10340,3950,4117,220,1408,9443,11357,2789,1996"
11552,11552,"2140,6220,8562,4798,10326,8421,11384,12990,7707,5545"
11567,11567,"4798,12990,10326,8562,3950,4277,2380,811,6220,11843"
11581,11581,"2140,5303,6971,8421,10326,4277,4798,8590,6220,2218"
11589,11589,"1290,789,5135,9962,7120,13309,10607,3697,2916,6811"
11591,11591,"350,1328,9375,2334,1377,10431,2506,12470,5105,5494"
11595,11595,"1290,7120,789,4929,10663,5135,9962,12030,2916,6243"
11604,11604,"6971,2140,8590,4798,4277,8421,7138,6220,2218,8922"
11608,11608,"8421,2140,10326,5303,4798,12990,11622,331,1634,6326"
11627,11627,"8421,5303,4798,8562,2140,2380,6220,3950,10326,2218"
11646,11646,"6220,4413,2218,8562,3870,9799,7707,5545,5303,3950"
11647,11647,"2140,8421,4798,5303,10326,12990,1996,9580,3950,8562"
11675,11675,"2140,7063,2291,5303,2218,6971,9771,7138,4877,2264"
11676,11676,"1290,7120,789,5135,9962,4929,10663,2916,296,13309"
11696,11696,"2291,13214,7063,7439,9771,4877,5946,10462,2140,8402"
11700,11700,"6971,8590,2140,8922,2218,5303,10326,7138,1290,9962"
11722,11722,"1290,6971,7120,789,8590,4929,5135,10663,9962,8922"
11754,11754,"6220,8590,350,3870,275,1328,1978,13296,13306,1210"
11757,11757,"2218,2140,6220,5303,6971,8235,10835,7707,9942,275"
11767,11767,"9942,11103,12606,7792,5545,13110,2218,6220,12550,8188"
11773,11773,"6220,2140,5303,6971,8421,4277,4798,2380,13296,2218"
11777,11777,"11622,3950,4413,11751,2789,3870,5545,5999,6220,3428"
11778,11778,"4163,4216,4576,10674,2957,4664,9962,11024,789,1851"
11788,11788,"1290,7120,789,5135,9962,13309,10663,10607,4929,2916"
11790,11790,"1290,6971,8590,7120,8922,789,5303,4929,10663,12030"
11811,11811,"1290,7120,4929,10663,789,2916,5135,12497,9962,296"
11837,11837,"1290,7120,789,5135,9962,13309,10607,4576,4664,3697"
11859,11859,"6220,8235,8562,2218,2140,6971,10326,5303,3950,7707"
11865,11865,"6220,2140,6971,13296,2218,5303,8590,8922,9799,7707"
11867,11867,"1328,350,2580,3428,9729,2506,10431,3950,1210,13306"
11871,11871,"2218,1290,6971,8590,13296,2343,8922,7120,6220,7707"
11879,11879,"7120,789,5135,10663,9962,2916,296,10607,13309,12497"
11880,11880,"8421,10326,4277,2140,8590,5303,4798,12990,8562,1634"
11908,11908,"2140,5303,2291,7063,9306,6971,5999,7439,4798,11282"
11912,11912,"2140,5303,6971,2291,8590,7063,8421,10326,7138,2380"
11925,11925,"8421,350,4277,10326,8562,1328,811,3950,1210,1978"
11933,11933,"6220,2218,5545,9942,8562,13110,4413,7558,12606,7707"
11945,11945,"1290,7706,7120,10429,8703,7637,589,1863,5149,5976"
11948,11948,"3950,2789,4798,5999,10340,5303,8421,11751,8562,2218"
11952,11952,"851,8421,5303,8161,2140,1180,4798,331,5610,12990"
11957,11957,"1290,8590,4576,789,7120,9962,5303,5135,13309,2140"
11959,11959,"2140,5999,5303,9799,4798,6971,10835,8590,11540,10326"
11967,11967,"8235,6220,4413,5545,9799,3950,2343,2218,4602,2990"
11969,11969,"4576,2916,10674,1244,1290,7120,4664,7383,8590,1779"
11970,11970,"6220,2140,5303,6971,4277,2218,10326,8590,8421,13296"
11975,11975,"3509,8015,2281,7196,12550,10023,4008,9375,11541,11029"
11995,11995,"8590,6220,2218,6971,5303,13296,2140,3055,8235,10326"
12002,12002,"789,1290,5135,10607,7120,4576,9962,10674,4664,11024"
12022,12022,"789,1290,5135,9962,7120,10607,13309,4664,4576,3539"
12032,12032,"7325,4935,5561,6150,10732,10739,7496,7220,4644,587"
12036,12036,"2140,5303,8590,8922,9799,6220,4798,1290,2218,4277"
12066,12066,"2140,2218,5610,11384,4798,12857,220,8421,275,5303"
12077,12077,"1290,7120,789,5135,4929,10663,9962,2916,13309,6243"
12078,12078,"8421,2140,5303,10326,4277,12990,4798,9580,8562,2218"
12084,12084,"2140,5303,6971,9799,12026,6166,2380,4798,6220,2218"
12089,12089,"6220,2140,5303,2380,4413,5545,8421,9942,8562,2218"
12106,12106,"6220,9942,2218,5545,8562,3870,3950,7558,4413,2380"
12107,12107,"3950,8562,4798,8421,11622,5999,5610,4413,220,10340"
12111,12111,"8421,3950,5999,5303,4798,10326,8562,13346,2140,2380"
12131,12131,"2140,5303,6971,10326,4798,8421,9799,12990,2380,12026"
12139,12139,"9799,5303,4413,6971,2140,12026,2380,4798,2218,5999"
12141,12141,"6220,2218,6971,5545,2140,4413,9942,8590,12606,7707"
12144,12144,"1290,7120,5135,13309,4929,10663,296,2916,10607,3697"
12150,12150,"6220,4413,2140,5303,6971,9799,8562,2380,2218,3950"
12151,12151,"6971,5303,2140,8590,4277,6220,8922,4798,9799,8421"
12162,12162,"5999,2140,4798,5303,8421,851,2789,10340,220,12990"
12170,12170,"2291,2140,5303,4798,8421,2169,7138,851,7063,1912"
12182,12182,"2140,8922,6220,2218,5303,8590,9799,4413,12026,8235"
12185,12185,"3950,6220,8421,8562,10326,5303,4798,2140,13346,3870"
12191,12191,"8421,2140,5610,220,4798,5303,12990,3950,13346,11384"
12197,12197,"5999,4117,8235,6971,11357,8922,10835,12026,5303,5532"
12204,12204,"6220,8590,13296,6971,2218,544,2140,5545,5303,9942"
12229,12229,"6220,6971,2218,13296,2343,9799,8235,8590,8922,2140"
12231,12231,"1290,7120,4929,789,10663,9962,5135,2916,4576,6971"
12234,12234,"10429,5976,1863,7706,12723,2327,6220,779,11103,589"
12238,12238,"2140,6971,5303,10326,6220,9799,4798,2218,8421,13296"
12242,12242,"3950,8421,11622,13346,8562,811,4798,2580,1978,5610"
12260,12260,"2789,2905,5999,12611,8421,9443,11751,1996,1408,13346"
12262,12262,"5999,4117,5532,10835,5199,11357,3950,2822,8235,7578"
12281,12281,"2140,5303,6971,4798,8421,4277,10326,9580,851,331"
12289,12289,"6220,9693,2218,6971,8235,2537,6834,5545,544,8590"
12306,12306,"2140,5303,8421,7558,12990,10326,2380,13346,8562,4798"
12326,12326,"2291,2140,7063,5303,9306,9771,7439,851,2264,8421"
12337,12337,"5999,2140,5303,8562,3950,11384,8235,13346,8421,4798"
12355,12355,"2140,5303,6971,8590,8421,10326,7138,4277,4798,6220"
12371,12371,"6220,2218,5545,3950,3870,4413,1598,5999,8590,8562"
12372,12372,"6220,2218,13296,8235,2380,9942,2140,5545,4413,5303"
12373,12373,"8421,5303,4798,2140,5999,10326,8562,3950,2218,11540"
12390,12390,"7120,4929,10663,6243,12030,12497,8567,2916,6971,8703"
12405,12405,"6971,9799,8235,6220,8590,5999,10835,13296,8922,2140"
12407,12407,"8703,5149,7637,1290,7120,9564,2020,1487,4929,589"
12408,12408,"6220,5545,9942,4413,12606,13110,89,7707,2218,3870"
12419,12419,"9375,5105,5760,10974,11771,1810,5137,2975,6150,8257"
12423,12423,"8746,10340,1996,1180,5610,3770,2169,10594,220,3950"
12426,12426,"1290,789,8590,7120,9962,6971,4576,5135,544,13309"
12452,12452,"1328,9375,6659,5105,1810,10078,8257,4256,2123,5760"
12480,12480,"1290,789,7120,5135,4576,9962,10607,4929,13309,296"
12530,12530,"8703,9668,5149,11615,6166,9799,3088,7637,8981,7706"
12546,12546,"9799,6971,8922,8703,6166,9668,5549,12026,9937,5303"
12556,12556,"1290,7120,789,4576,5135,9962,4929,2916,10663,296"
12573,12573,"2218,5303,6220,9942,6971,7558,8562,5545,12606,275"
12592,12592,"6220,6971,2218,9799,8562,5303,2380,5999,10326,2140"
12596,12596,"8421,4798,4277,3950,2140,10326,8562,331,12990,9580"
12599,12599,"1290,789,7120,5135,9962,10607,13309,4576,4664,296"
12615,12615,"4576,1290,11024,4664,10607,789,10674,1779,7679,7120"
12618,12618,"5545,9942,13296,8562,3870,7707,2218,3950,1598,2140"
12624,12624,"6220,2140,5303,8421,2380,4277,2218,8562,10326,1978"
12638,12638,"2218,6220,5303,2140,6971,10835,5545,8590,5999,5532"
12641,12641,"5999,11357,6971,4798,5303,5199,9799,2140,10835,3055"
12644,12644,"2140,2218,5303,6220,275,7558,1978,9942,10326,6971"
12649,12649,"8703,6971,9799,8922,7637,6166,5549,5149,2020,9937"
12654,12654,"13306,3428,3799,4117,4946,13110,2903,5545,5999,3992"
12658,12658,"4576,544,4664,10674,7679,8714,2989,1558,11024,992"
12659,12659,"7120,4929,6971,10663,789,8590,6243,5135,12497,2916"
12666,12666,"6220,2140,8235,5303,2218,10835,6971,6638,13296,8421"
12669,12669,"2140,2291,5303,6971,7063,7138,4798,8590,2218,9668"
12674,12674,"6220,2218,6971,2140,13296,9942,10326,8590,5545,9799"
12688,12688,"4935,12226,7325,11655,4159,6150,5140,5561,2204,587"
12694,12694,"1290,7120,6971,4576,2218,8590,8922,4929,6220,544"
12709,12709,"8421,5303,4277,10326,12990,4798,9580,1634,331,8562"
12712,12712,"8590,2218,1290,6971,5303,8235,13296,7024,6220,2140"
12722,12722,"2140,7138,5303,7063,2291,2218,2169,5610,275,1912"
12728,12728,"11103,10429,12723,12606,7707,1018,2218,5762,8188,5482"
12732,12732,"6971,8235,5999,8922,2140,5303,9799,10835,12026,3055"
12736,12736,"2140,8421,4277,5303,10326,12990,331,4798,9580,1634"
12738,12738,"2218,2140,5303,6220,6971,10326,8590,275,13296,8421"
12741,12741,"8421,8562,4277,811,5545,3870,2218,1978,7558,13110"
12756,12756,"2218,7558,5303,7383,275,238,7063,5610,9306,12632"
12764,12764,"6220,2218,5545,6971,13296,4413,7707,8562,2140,9799"
12768,12768,"6220,6971,5545,9942,2218,13296,2343,8922,89,7707"
12773,12773,"2218,5303,2140,6971,6220,8562,4798,10326,2380,275"
12789,12789,"2140,8421,5303,851,12990,10326,1634,331,4798,11843"
12790,12790,"2140,8421,5303,4798,851,10326,7138,4277,8590,13296"
12801,12801,"8590,5999,5303,5532,2140,10326,10835,6971,7138,13296"
12804,12804,"789,1290,5135,9962,13309,10607,4576,2916,10674,296"
12833,12833,"3950,8421,6220,8562,5303,4798,2140,10326,3870,13346"
12846,12846,"3950,5999,2789,8421,4798,10340,9443,11622,13346,11751"
12855,12855,"8421,2140,4798,5303,4277,851,10326,12990,7138,331"
12860,12860,"5303,2140,2218,10326,8235,4413,10340,12026,2380,8562"
12874,12874,"5303,2140,9799,6971,8421,4798,4413,2218,6220,2380"
12875,12875,"5999,2905,12611,4117,11622,11357,3950,1408,1996,9443"
12877,12877,"1377,12339,350,10431,9375,7679,4861,5105,2770,5155"
12883,12883,"6971,2140,5303,4798,5999,9799,8922,2218,2380,8421"
12890,12890,"8703,7637,9668,5149,2020,8981,4698,9799,5966,8922"
12919,12919,"789,1290,5135,9962,7120,10674,4163,10607,13309,4216"
12927,12927,"6220,12606,4576,9942,10429,5545,3487,1863,11024,7120"
12955,12955,"6220,3950,5999,8562,3870,2218,4798,2140,2580,13346"
12956,12956,"8235,5303,6971,2140,2218,8922,9799,2380,12026,6166"
12958,12958,"2291,9771,7439,7063,13214,9306,5747,2264,5946,2140"
12965,12965,"6220,2218,2140,275,5303,5545,9942,7138,1978,10326"
12970,12970,"6220,2218,4413,5545,6971,8562,5303,3950,9799,5999"
12996,12996,"6971,2140,5303,6220,8590,4277,2380,2218,4798,10326"
13000,13000,"6220,5545,3950,3870,8562,2218,9799,7723,9942,2990"
13017,13017,"1290,4576,789,2343,10607,5135,7120,9962,4929,11969"
13019,13019,"8421,2140,5303,851,4277,331,10326,9580,2380,8161"
13021,13021,"2140,6220,5303,2218,6971,8562,10326,9942,275,2380"
13022,13022,"2140,6220,2218,13296,4277,10326,1978,5303,275,8421"
13063,13063,"6220,6971,2140,2218,5303,9799,8562,8590,8922,7707"
13075,13075,"2291,2140,7439,7063,9306,6971,4877,9771,10462,5303"
13076,13076,"6971,2140,6220,5303,8590,4277,4798,13296,8421,2380"
13101,13101,"5999,4117,2140,12990,5199,4798,8421,10835,5303,3950"
13105,13105,"1290,789,7120,5135,9962,4929,2916,10663,13309,12497"
13115,13115,"5303,10326,6220,2218,8421,2140,6971,4277,8590,8562"
13117,13117,"10674,4576,4664,1290,7679,10464,11024,6591,10607,9962"
13121,13121,"8421,4798,10340,5999,3950,2789,5303,1996,11282,2380"
13123,13123,"6971,2343,2140,2218,9799,13296,5303,8922,5545,7707"
13125,13125,"2140,5303,7063,2291,4798,8421,7439,6515,11282,9306"
13147,13147,"2140,8421,5303,6971,4798,6220,10326,331,9580,12990"
13151,13151,"2140,8562,11384,13346,2218,7558,8421,5999,4798,11000"
13153,13153,"4277,10326,331,4798,851,12990,5303,2140,1180,11282"
13176,13176,"8590,2218,7138,275,4576,5731,2140,4163,9072,7063"
13180,13180,"6220,3950,8562,13110,3870,9729,1598,5545,3428,12606"
13192,13192,"1328,350,11590,10431,6402,6306,10352,2506,10891,12898"
13194,13194,"8590,6971,1290,2218,6220,2343,544,8235,8922,4576"
13195,13195,"8421,5610,5303,220,2218,7138,4798,350,3950,11843"
13198,13198,"8421,4277,10326,12990,5303,851,4798,9580,9340,331"
13231,13231,"2140,5303,8421,7138,10326,4798,976,851,7063,1912"
13234,13234,"1290,7120,789,5135,9962,13309,10663,4929,10607,2916"
13240,13240,"7120,789,5135,10607,9962,8590,6971,296,4576,4664"
13273,13273,"2140,5303,9799,6220,2380,5999,4798,2218,8235,4413"
13276,13276,"8421,1996,3950,11843,2580,13346,1180,5999,8746,7197"
13283,13283,"2140,5303,8421,331,4798,6971,4277,8161,9580,10326"
13297,13297,"5303,2218,8562,5999,6220,2140,3950,8235,10326,4798"
13301,13301,"6971,2140,5303,9799,8590,10326,8922,4798,2380,12026"
13303,13303,"3950,2580,11622,8746,1328,5700,13346,1996,11751,220"
13321,13321,"1290,7120,789,5135,9962,13309,10663,2916,4929,296"
13330,13330,"1290,7120,4929,10663,12497,8590,2916,6971,8922,7706"
13338,13338,"789,5135,9962,10607,4163,1290,4216,13309,10674,2957"
13380,13380,"2140,5303,6971,7063,8421,2291,10326,4798,9580,2264"
13389,13389,"1290,7120,789,5135,4929,9962,2916,10663,12497,4576"
13390,13390,"6220,6971,2218,5999,10835,2140,2380,5303,5199,4413"
13391,13391,"5999,4117,3950,1996,2580,11622,8746,4798,11540,1788"
13401,13401,"8421,2140,5303,4277,10326,12990,4798,8562,9580,7138"
13403,13403,"6971,4413,9799,8235,6220,12026,8922,5549,2218,2380"
13407,13407,"6971,1290,5303,8922,2140,13296,9799,6220,7120,2218"
13413,13413,"2140,7063,9340,275,350,992,8421,5303,2169,4798"
13414,13414,"1290,7120,789,9962,5135,4576,2916,13309,10663,4929"
13446,13446,"2140,8421,5303,6971,10326,4277,4798,12990,2380,331"
13472,13472,"1290,8590,4576,7120,6971,544,789,5135,9962,10607"
13488,13488,"5303,2140,8421,4798,10326,6971,1634,12990,8562,5999"
13502,13502,"1290,6220,6971,7120,8590,4576,544,789,13296,10607"
13507,13507,"1290,7120,789,10607,5135,4929,4576,9962,2916,11024"
13512,13512,"9375,350,1377,1328,10431,5105,3509,12029,5494,2770"
13543,13543,"8421,4277,12990,2140,811,4798,9580,5303,331,9340"
13572,13572,"2140,5303,6971,4277,8421,6220,10326,4798,2218,13296"
13595,13595,"1290,7120,6971,4929,10663,8922,12497,6243,8302,2916"
13599,13599,"5999,220,3950,10340,13346,4117,2580,5199,8746,11540"
13608,13608,"2140,6971,5303,8590,10326,8421,7138,4798,12990,4277"
13609,13609,"1377,7480,350,10352,8092,11590,10431,12824,6402,2770"
13630,13630,"5303,2140,6220,6971,2218,13296,9799,4798,2380,8562"
13635,13635,"10326,2140,8421,5303,1634,12990,9580,4277,4798,851"
13645,13645,"2789,8421,4798,2140,6220,5303,3950,10326,4277,6971"
13673,13673,"5999,4117,5199,3799,13112,5532,4199,2580,8505,3950"
13683,13683,"6971,6220,5303,2140,8562,13296,2380,10326,5545,9799"
13702,13702,"6971,2140,5303,9799,8235,6220,2218,2380,8922,12026"
13716,13716,"6220,6971,2140,8590,5303,10326,8421,9799,13296,4798"
13724,13724,"6971,2140,5303,8922,8590,4798,9799,10326,8421,12026"
13746,13746,"6971,2140,5303,2218,6220,8235,9799,8590,12026,2380"
13752,13752,"4413,7723,2218,9942,6220,3950,2990,5545,9799,5999"
13756,13756,"1290,7120,4929,789,10663,5135,9962,2916,6243,12497"
13763,13763,"1290,7120,789,9962,5135,13309,10663,4929,2916,3697"
13774,13774,"6220,6971,2140,13296,5303,9799,7707,544,8590,1290"
13776,13776,"1290,7120,789,5135,9962,13309,10663,4929,3697,2916"
13786,13786,"789,5135,9962,1290,13309,7120,6811,3539,4163,10607"
13788,13788,"350,1328,1377,9375,2334,2770,716,7138,10891,2506"
13791,13791,"6971,5303,8922,9799,6220,4798,12026,8235,8590,10326"
13810,13810,"1290,7120,789,4929,4576,8590,2916,10663,5135,12497"
13811,13811,"8421,2140,4798,4277,5303,9580,10326,331,12990,851"
13820,13820,"1290,8590,4576,7120,789,9962,5135,6971,544,4929"
13826,13826,"4576,4163,10674,9962,789,2957,5135,4664,1851,13309"
13840,13840,"7325,6150,4935,10707,12204,6640,4465,10732,8911,10974"
13841,13841,"3950,8562,4277,5303,12990,9580,13249,13346,3055,11843"
13852,13852,"6220,1290,89,544,2218,9942,5545,4576,13296,8590"
13858,13858,"9799,7637,6971,4698,5149,5549,8922,2140,4101,2020"
13865,13865,"1328,2334,2770,1377,10352,10891,5027,9375,7480,6060"
13871,13871,"4277,851,10326,4798,12990,5303,2140,9580,11843,12857"
13877,13877,"7706,7715,7383,11103,10429,383,3487,12723,589,9564"
13905,13905,"8421,2140,4798,5303,4277,851,10326,331,6971,9580"
13924,13924,"789,5135,9962,7120,13309,10607,2916,4929,296,10663"
13929,13929,"2140,10326,8421,4277,4798,12990,9580,5303,11384,6971"
13935,13935,"2218,6220,8562,8421,13346,3870,3950,4413,10326,5545"
13952,13952,"1290,7120,789,9962,5135,4929,10663,4576,2916,12497"
13953,13953,"1290,6971,7120,8590,4929,12497,10663,789,4576,2916"
13962,13962,"8421,851,2140,8161,331,4798,2291,5303,4277,12990"
13965,13965,"6220,10326,8421,2218,2380,2140,5303,4798,13296,9942"
13966,13966,"2218,2140,5303,6220,4277,10326,8421,7138,4798,275"
13974,13974,"789,9962,1290,5135,4576,7120,4163,13309,2916,10674"
13982,13982,"1290,7120,4929,10663,789,5135,2916,12497,10607,296"
13983,13983,"5999,4117,11622,2789,3950,11357,2905,5199,11751,10340"
13987,13987,"8421,2140,851,4798,12990,10326,5303,331,5999,11282"
13988,13988,"1290,7120,789,4576,10607,5135,11024,4664,8590,10389"
13991,13991,"8421,10326,4798,5303,6971,3950,2140,6220,4277,9580"
13995,13995,"9375,1377,350,5105,6060,2770,12339,5494,7679,10431"
13998,13998,"851,4798,11843,331,1180,12990,8161,5303,2140,2789"
14021,14021,"1290,4576,7120,2218,10429,6220,12606,4929,2916,544"
14028,14028,"9375,1377,2770,2334,10431,5105,5494,350,3509,12898"
14042,14042,"5545,6220,9942,2218,7792,12606,89,4413,3487,3870"
14049,14049,"8703,7637,5149,2020,9668,8981,4698,1487,9564,7706"
14060,14060,"6220,5999,6971,3950,4413,5303,8562,9799,2218,2380"
14061,14061,"2218,8590,7138,5303,10326,2140,6971,4798,8562,8421"
14067,14067,"1290,7120,4929,10663,2916,10429,6243,1863,4576,589"
14079,14079,"6971,2140,5303,13296,6220,9799,2218,10326,2380,8235"
14089,14089,"8421,3950,13346,1978,350,2580,811,220,8562,1328"
14097,14097,"5303,2140,6971,8590,4277,4798,8421,10326,6220,9580"
14105,14105,"4576,8590,12339,10674,7679,4048,4664,9730,11024,3464"
14147,14147,"6971,8590,2140,2218,6220,5303,8922,13296,275,1290"
14155,14155,"8562,6220,8421,3950,4798,11540,13346,2218,10326,9942"
14168,14168,"2140,5303,6971,6220,2218,2380,4798,9799,10326,8421"
14170,14170,"275,2140,10326,350,8421,6220,7138,3870,9340,9942"
14173,14173,"4576,4163,2957,11918,7679,11024,4024,1851,10674,9732"
14174,14174,"10326,7558,3950,8562,6220,9942,13346,2380,11622,8421"
14196,14196,"3950,5303,8562,2140,6220,5999,4413,8235,13346,4798"
14197,14197,"350,9848,851,8421,3770,2169,1180,7138,5610,2506"
14202,14202,"5135,9962,10674,4664,10607,4576,13309,4163,11024,4216"
14204,14204,"2291,9306,7063,2140,9668,13214,7439,383,10462,8703"
14215,14215,"2218,10835,6220,2343,5545,8235,5532,9942,12606,5866"
14242,14242,"8421,4798,12990,2140,4277,8562,1996,11843,5303,10916"
14244,14244,"6220,10326,8421,5303,4277,6971,2140,13296,4798,2218"
14249,14249,"1290,7120,4929,6971,10663,12497,789,6243,12030,296"
14250,14250,"2291,7063,2140,9306,5303,9771,4877,6971,10462,7439"
14256,14256,"8421,851,2140,4798,5303,4277,10326,12990,9580,1180"
14258,14258,"4576,789,9962,5135,1290,10607,7120,4664,11024,10674"
14280,14280,"2140,5303,7063,6971,7558,4798,8562,7138,10326,10608"
14318,14318,"789,5135,7120,9962,10607,11024,4576,4664,1779,89"
14325,14325,"1328,350,1377,13300,11590,6306,13100,12191,10891,6071"
14328,14328,"8590,10107,2782,2334,10974,6640,13111,2123,8257,11658"
14329,14329,"2218,8590,7138,6220,9942,9733,275,5545,4413,2140"
14344,14344,"2140,5303,6971,2380,6220,2218,275,4798,8562,7558"
14366,14366,"1290,7120,4929,10663,12030,789,6243,12497,2916,5135"
14421,14421,"4216,4163,2957,7679,1851,83,10674,9732,12096,1558"
14430,14430,"5303,2140,6971,6220,2218,10326,4798,8421,8562,13296"
14435,14435,"2218,5303,6220,2140,4413,7063,9733,8562,275,2990"
14472,14472,"2140,6220,2380,2218,13296,10326,8590,8421,4277,4798"
14501,14501,"6220,6971,2140,13296,5303,8922,5545,7707,8562,9942"
14509,14509,"5303,2140,6971,8235,8421,4798,10326,9799,8562,2218"
14516,14516,"6220,2140,6971,13296,9799,2218,5303,2380,7707,8562"
14521,14521,"6220,8421,10326,8562,3950,2140,4277,5999,4798,12990"
14553,14553,"1290,7120,7706,10429,4929,5149,10663,8703,7637,1863"
14561,14561,"6220,9942,4413,7707,8235,5545,4602,12606,5199,11751"
14562,14562,"5303,2218,6220,6971,2140,8590,10326,8562,8421,3950"
14567,14567,"2140,6220,7558,5999,2218,8562,12990,13346,8421,2380"
14575,14575,"1290,7120,2916,4929,10663,9962,789,12497,8590,5135"
14581,14581,"6971,8590,6220,9799,2140,13296,8922,5303,10326,8235"
14627,14627,"6971,8235,8922,9799,12026,1290,5303,8590,4413,11403"
14634,14634,"6220,5545,3950,9942,3870,4413,3799,4414,8562,3428"
14651,14651,"2140,5303,4798,10326,2380,11282,9799,8922,9580,12990"
14659,14659,"5999,8421,1996,12990,11357,11843,4117,4798,7578,10326"
14670,14670,"2140,8421,5303,10326,12990,1634,4798,4277,9580,851"
14684,14684,"2140,5303,4277,8421,10326,4798,6971,6220,2218,13296"
14691,14691,"6971,2140,5303,8922,9799,8590,12026,1290,10326,4798"
14695,14695,"1290,6971,8590,7120,8922,13296,6220,4929,10663,9799"
14705,14705,"8590,10326,2218,5303,7138,9072,13296,4277,6220,560"
14711,14711,"1290,6220,6971,7120,8922,7707,13296,8590,2140,2218"
14723,14723,"2218,2140,5303,6220,6971,7138,4798,8562,11540,3055"
14739,14739,"1290,9962,5135,789,7120,10607,13309,4576,11298,2916"
14740,14740,"2140,5303,6971,8421,4798,9580,11282,10326,851,331"
14743,14743,"6971,8590,10326,5999,2140,6220,5303,13296,2218,8922"
14747,14747,"8421,4277,350,4798,5303,851,12857,10326,7138,811"
14748,14748,"2218,6220,8235,4413,7707,2789,9942,4602,2343,11403"
14764,14764,"6971,8590,6220,1290,2218,8922,2140,8235,13296,544"
14771,14771,"8590,2218,7138,9733,7063,9306,5303,2140,4413,275"
14780,14780,"2140,5303,8421,4798,6220,4277,6971,851,331,7138"
14784,14784,"8421,4277,2140,9580,10326,5303,4798,331,851,12990"
14785,14785,"2218,6220,5545,8590,9942,7707,275,7138,4413,3870"
14798,14798,"10835,6220,5999,5199,8235,3950,2218,8562,3870,5545"
14801,14801,"6971,6220,2140,8590,5303,2218,13296,8922,10326,4277"
14803,14803,"2140,5303,8421,4277,10326,6220,4798,6971,12990,2380"
14821,14821,"2140,5303,8421,6971,4277,4798,851,10326,9580,331"
14832,14832,"6971,8590,8922,9799,1290,8235,5303,4929,7120,7983"
14833,14833,"6971,8590,13296,4413,2218,10326,8922,5303,8235,5545"
14853,14853,"2140,5303,6971,4798,8421,2380,9799,4277,2218,6220"
14854,14854,"5999,11622,2380,13346,7558,10340,12990,8421,3950,8562"
14856,14856,"6220,2140,6971,2218,5303,8562,5545,13296,10326,9799"
14858,14858,"2140,10835,5303,5199,12990,275,10326,8421,6971,5999"
14864,14864,"2291,2140,7063,9306,5303,9771,4877,6971,7439,10462"
14867,14867,"1290,7120,789,4576,5135,10607,4929,9962,2916,296"
14880,14880,"4576,7679,11024,10674,1779,10607,9732,1851,4664,4024"
14890,14890,"6971,2140,5303,8235,8922,5999,9799,12026,5549,8590"
14892,14892,"6220,8421,10326,8562,4277,3950,2140,5303,13296,3870"
14899,14899,"1290,789,7120,5135,9962,4576,10607,13309,2916,4929"
14904,14904,"2343,5532,8235,10835,7024,2903,5866,9693,5999,5199"
14906,14906,"789,9962,5135,1290,13309,4163,7120,6811,10607,2957"
14909,14909,"350,1328,9375,2334,6060,2770,5105,1377,10107,6640"
14929,14929,"6220,9799,7707,6971,4413,5545,6166,13296,8922,4430"
14931,14931,"6220,9799,8703,6971,7707,5149,6166,13296,8922,9668"
14938,14938,"10326,8421,6971,2140,8590,5303,1634,8562,2218,6220"
14955,14955,"8421,2140,12990,4798,851,5303,11843,331,10326,350"
14961,14961,"9375,5105,12226,6060,6150,7325,4644,5140,2334,2770"
14969,14969,"1290,5135,7120,9962,10607,4576,4664,6610,296,10674"
14970,14970,"8421,4277,10326,2140,331,851,4798,5303,9580,811"
14977,14977,"3950,3870,2990,13346,5495,8562,2580,11384,13110,7707"
14991,14991,"5303,2140,9799,12026,4798,8562,8421,8922,6220,10326"
14993,14993,"2291,2140,7063,5303,9771,4877,7439,2169,9306,1912"
15009,15009,"8421,2140,4798,851,12990,331,5303,10326,5999,4277"
15014,15014,"1290,4576,789,7120,9962,5135,10607,4664,13309,2916"
15028,15028,"7120,4929,10663,789,6243,12497,2916,5135,12030,8567"
15029,15029,"8421,10326,5303,2140,4277,12990,4798,8562,9580,10594"
15030,15030,"6220,3950,3870,5545,3799,13110,12606,11622,3428,3992"
15033,15033,"6971,10326,2140,5999,5303,4798,9799,2380,12990,8421"
15052,15052,"5303,8421,2140,6971,4798,12990,9580,851,13296,6220"
15062,15062,"13346,5610,10340,220,12990,11540,4798,7558,8421,2140"
15074,15074,"6220,2140,6971,5545,4413,5303,9799,2218,8562,13296"
15081,15081,"6220,13296,5999,2140,2380,9799,5545,10326,10835,5199"
15082,15082,"6640,2334,7325,11337,9296,5140,4029,5901,3563,12204"
15097,15097,"2140,2291,7063,5303,9306,9771,10340,4877,7439,6971"
15098,15098,"6971,5303,6220,4277,4798,9799,8590,8922,8421,2380"
15107,15107,"1290,7120,789,4929,5135,10663,9962,12030,6243,2916"
15113,15113,"6971,5303,4277,13296,10326,6220,2140,2218,8922,8421"
15120,15120,"5303,6971,4798,6220,8421,2380,4277,10326,331,9580"
15121,15121,"8421,2140,10326,4277,4798,12990,5303,9580,331,1634"
15122,15122,"5303,2140,8421,4798,10326,8562,12990,2380,9580,2218"
15141,15141,"8590,275,9942,12339,7138,9072,1210,2218,3509,350"
15143,15143,"1290,7120,4929,10663,6243,12497,2916,6971,8703,12030"
15148,15148,"5999,3950,4117,2789,4602,3799,5199,4199,11622,13346"
15164,15164,"6220,13296,2218,5545,7707,9799,4413,8590,6971,8922"
15165,15165,"6220,2218,12606,5545,1290,2343,544,4576,13296,8590"
15175,15175,"8421,10326,2140,4798,5303,12990,9580,4277,851,331"
15186,15186,"1290,789,10663,5135,4929,13309,2916,296,12497,6243"
15189,15189,"8421,4277,331,851,4798,12990,9580,2140,1180,10326"
15200,15200,"6971,2140,5303,6220,4277,10326,4798,9799,331,13296"
15204,15204,"6971,8590,1290,2140,8922,5303,7120,12030,9962,7138"
15205,15205,"1290,6971,8590,6220,7120,13296,544,8922,4929,10663"
15217,15217,"6971,9799,6220,8922,8235,2380,12026,13296,2140,4413"
15240,15240,"4576,1290,8590,9962,789,7120,4664,5135,10607,11024"
15248,15248,"1290,8703,7120,6971,8922,6220,7637,4929,7706,10663"
15253,15253,"2140,5303,8421,2380,2218,12990,4798,10326,6220,275"
15256,15256,"2140,275,7558,6220,2218,10326,9942,8590,1978,7138"
15260,15260,"5999,3950,8562,5303,8421,6220,13346,4798,2380,11384"
15265,15265,"3799,5532,5495,5999,4602,9942,2903,3509,3950,12606"
15274,15274,"2334,1328,2770,10352,6952,6640,10107,1377,7480,5027"
15275,15275,"2140,6971,5303,7063,9799,6166,2291,12026,2218,4798"
15282,15282,"10326,8421,5303,8562,2218,7138,5999,12990,8590,3950"
15294,15294,"89,6220,2218,5199,8590,9942,10326,2380,5303,5532"
15304,15304,"1290,7120,789,5135,9962,10663,4929,10607,2916,296"
15330,15330,"7120,1290,4929,789,2916,5135,12497,10663,4576,12030"
15331,15331,"6220,8421,8562,3950,2218,3870,2380,4277,13346,4798"
15332,15332,"7679,4216,4163,2957,5105,2769,7047,6060,3464,1558"
15339,15339,"1290,6220,7120,8922,2218,10429,6971,4929,7707,4576"
15387,15387,"6220,7707,3487,1290,1863,13296,10429,7706,12606,7120"
15391,15391,"2140,8421,6220,4277,8562,10326,2218,4798,8590,3950"
15396,15396,"5303,4798,2140,4413,6971,8421,2380,10326,2218,8562"
15397,15397,"6220,9942,5545,8235,6971,2218,4413,3870,12606,7707"
15421,15421,"9306,2291,9771,7063,4877,7383,383,13214,7439,5946"
15427,15427,"1290,7120,789,4576,5135,10607,4929,296,2916,4664"
15434,15434,"5149,7706,10429,7637,8703,589,9083,1863,1487,12723"
15441,15441,"2218,6220,5545,4413,7707,3870,12606,9942,4602,2343"
15444,15444,"2140,6971,5303,2218,6220,8590,275,8922,13296,7063"
15457,15457,"8421,5303,2140,6220,4798,10326,8562,4277,6971,2380"
15466,15466,"5303,2140,6971,10326,4798,8421,4277,2218,8562,7138"
15475,15475,"3950,5999,13346,4798,8421,11540,10340,8562,1996,11384"
15483,15483,"789,1290,5135,9962,7120,13309,4576,10607,2916,4929"
15487,15487,"8235,7024,2218,89,11403,9942,12606,5875,2343,5524"
15500,15500,"7063,2140,275,5731,238,7383,350,9771,9340,12404"
15511,15511,"6220,5545,13296,7707,2218,10835,5199,8590,9942,5532"
15515,15515,"6971,6220,2140,5303,8590,9799,10326,8421,2380,4798"
15519,15519,"2140,8235,275,8562,10835,2380,3950,7558,5303,6220"
15534,15534,"5303,8590,2140,13296,6971,6220,2218,4277,8421,4798"
15545,15545,"1290,789,7120,5135,4576,9962,10607,4929,13309,296"
15553,15553,"4163,2957,1558,789,4576,5135,9962,10674,1851,4216"
15556,15556,"3950,6220,11622,8562,5999,3870,13346,11751,10340,4413"
15564,15564,"2140,6971,5303,2218,10326,275,7063,8590,9072,6220"
15567,15567,"1290,789,5135,9962,10607,7120,4576,10674,4163,13309"
15582,15582,"2140,8421,2169,1996,7063,5303,6588,11384,5610,12990"
15585,15585,"2140,4277,8421,10326,5303,6971,4798,12990,331,9580"
15587,15587,"5303,3950,2140,8562,8421,10326,4798,2218,6220,2380"
15589,15589,"2140,5303,6971,4798,8421,10326,4277,8590,9580,851"
15590,15590,"2140,6220,2218,6971,5303,5999,5545,10835,5199,8562"
15595,15595,"10326,7138,8421,8562,8590,2140,275,6220,2218,3870"
15611,15611,"789,5135,9962,10607,13309,4576,4664,2916,10674,296"
15613,15613,"5999,2380,8421,8562,3870,3950,11622,4798,5199,5303"
15632,15632,"5303,2218,8590,6971,2140,6220,7138,8922,9072,10326"
15633,15633,"2140,7138,5303,8590,6220,2218,6971,10326,4277,275"
15639,15639,"2140,5303,6971,10326,8421,5999,2218,4798,12990,6220"
15648,15648,"851,2140,4277,4798,331,10326,12990,9580,11282,8161"
15652,15652,"2140,8590,5303,8421,4277,7138,10326,6971,6220,4798"
15683,15683,"6220,5545,7707,4413,12606,13296,9942,2218,9799,2343"
15688,15688,"6220,4413,3950,2218,5545,5999,8562,7707,1598,3870"
15703,15703,"3950,10340,8562,4798,4413,8421,5999,11540,1996,13346"
15708,15708,"2218,7138,2140,220,5303,275,8562,5999,3950,5532"
15714,15714,"8421,350,10326,811,851,331,12990,9340,2158,7197"
15719,15719,"8421,4277,4798,2140,6220,8562,3950,12990,10326,5303"
15727,15727,"4413,9799,5303,6166,2789,2380,8235,2218,4798,2140"
15728,15728,"1290,7120,10663,4929,12497,12030,6243,2916,789,3697"
15735,15735,"8590,275,350,2140,7138,10326,4277,8421,9375,1328"
15736,15736,"8421,3950,4277,1328,2580,4798,1180,350,13346,1210"
15739,15739,"6971,2140,9799,8703,6166,5303,8922,9668,12026,9937"
15742,15742,"2140,275,5303,6220,8590,7138,2218,10326,2380,6971"
15764,15764,"6220,2218,4413,5545,7707,9799,6971,13296,8590,8562"
15773,15773,"2140,5303,8421,4798,11282,9580,12990,10916,10326,6971"
15774,15774,"4163,4576,2957,10674,1558,4216,1851,11024,4664,2989"
15786,15786,"9306,7063,2140,6166,8053,2291,4413,9733,5303,7707"
15789,15789,"4277,5303,2218,8421,2140,10326,8590,12857,275,560"
15796,15796,"6220,2218,5545,3870,9942,13110,275,1978,2140,5495"
15800,15800,"5999,8421,10326,4798,8562,3950,2218,12990,10340,11843"
15802,15802,"1290,7120,789,5135,10607,9962,4576,296,13309,6610"
15812,15812,"2140,8421,4277,10326,1634,12990,5303,811,13296,275"
15815,15815,"2140,7063,2291,7138,2218,9771,7383,5303,238,275"
15828,15828,"8421,4277,3950,8562,12990,2140,5303,10326,9580,331"
15831,15831,"7679,11024,4576,10674,1779,4664,10607,8714,9732,10389"
15840,15840,"350,1328,992,1377,11010,2506,2218,5610,9340,10431"
15845,15845,"3950,8421,2140,4798,10340,2789,10326,8562,13346,4413"
15847,15847,"2218,6220,5545,12606,9942,3509,13110,89,7707,2343"
15856,15856,"2140,5303,6971,4798,8421,851,10326,4277,9580,331"
15861,15861,"789,1290,5135,9962,7120,13309,4576,4163,4929,2916"
15862,15862,"789,1290,7120,5135,9962,4576,10607,296,4929,4664"
15871,15871,"2218,12606,4576,8607,7707,5482,8590,7024,5545,11918"
15872,15872,"10326,8421,8562,2140,3950,5303,4798,11540,9580,2990"
15883,15883,"1290,7120,789,5135,9962,2916,4929,10663,13309,10607"
15886,15886,"1863,1290,10429,3487,7120,7706,779,5976,6220,589"
15888,15888,"6220,2218,6971,13296,9942,4413,2380,5303,3950,8590"
15898,15898,"6971,5303,2140,10326,8421,4277,6220,8590,2218,12990"
15919,15919,"5303,2140,4798,7138,10326,8590,6971,8421,5999,2380"
15922,15922,"5135,1290,13309,10607,10674,4664,3539,7120,6811,10464"
15931,15931,"1290,7120,4929,10663,2916,12497,6243,12030,789,5135"
15941,15941,"6971,9799,2140,5303,8922,6220,4798,8590,4413,2218"
15943,15943,"8421,2140,851,5303,4798,8161,12990,331,11843,11282"
15956,15956,"6220,8562,5303,7707,5545,2140,4413,9942,13296,4798"
15958,15958,"6971,2140,6220,5303,1290,13296,8922,2218,544,8590"
15960,15960,"6971,2140,6220,5303,2218,8922,8235,10835,2343,12026"
15973,15973,"6971,2140,5303,8590,2218,8922,7138,9799,6220,10326"
15977,15977,"1290,7120,789,10663,4929,5135,296,9962,2916,13309"
15994,15994,"4413,5999,6220,5545,2218,3950,11622,11751,3870,9942"
15995,15995,"1290,7120,789,5135,4929,9962,10663,13309,12497,2916"
15996,15996,"6220,13296,8590,5545,1978,9942,2140,10326,6971,4277"
15999,15999,"220,5610,2580,2140,8421,6220,8562,3870,3950,13346"
16060,16060,"6971,2140,5303,10326,8562,4798,12026,8235,3950,9799"
16069,16069,"8562,2218,6220,3950,8421,2140,4798,220,3870,5999"
16076,16076,"4576,789,1290,5135,9962,10607,10674,4664,11024,7120"
16085,16085,"1377,6306,350,11590,10431,13100,10891,7480,6402,12191"
16089,16089,"6971,8703,9668,8922,2140,6166,7637,5303,12026,6220"
16097,16097,"8421,5303,4798,10326,2140,4277,851,12990,331,9580"
16112,16112,"2140,8421,4798,5999,5303,12990,220,10340,11751,11622"
16116,16116,"8421,851,350,9340,12857,10594,12990,1180,2169,11843"
16137,16137,"2140,2291,5303,4798,6515,6971,851,8421,8161,11282"
16150,16150,"4798,8421,2140,5999,6220,5303,10326,2218,2380,2789"
16174,16174,"3950,3799,3992,7705,5673,3428,2580,10340,5209,4090"
16176,16176,"2218,5495,350,7138,220,5610,9733,12470,275,9942"
16210,16210,"789,1290,5135,7120,9962,13309,10674,6811,10607,1558"
16212,16212,"8421,3950,5999,4798,5303,10326,12990,4277,1180,13346"
16230,16230,"10326,8590,5303,8421,13296,2140,12990,8562,6220,3870"
16245,16245,"2140,5303,8421,4277,6220,2218,10326,4798,8590,8562"
16293,16293,"4413,3950,5999,2199,9799,13346,2380,6220,10340,2789"
16299,16299,"789,1290,5135,7120,9962,10607,4576,13309,4664,10674"
16300,16300,"7706,10429,5149,1863,12723,3487,7637,589,8703,8981"
16303,16303,"8421,5303,10326,2140,5999,12990,4798,11843,851,2380"
16305,16305,"8421,2140,5303,4798,5999,2380,275,851,12990,220"
16314,16314,"5303,8421,2140,4277,10326,4798,9580,6971,12990,8590"
16328,16328,"2140,2218,8421,10326,4798,5303,12990,275,8562,11540"
16340,16340,"1290,7120,789,10663,4929,9962,5135,2916,6243,296"
16351,16351,"2218,6220,5545,9942,12606,275,3870,13110,7707,4413"
16363,16363,"2218,10326,7138,5303,8590,2140,4798,8421,275,4277"
16376,16376,"2140,5303,7063,6971,2291,2264,4798,7138,7439,9771"
16387,16387,"8421,4798,5303,5999,10326,2789,10340,2140,331,12990"
16395,16395,"2140,5303,8421,6971,4798,851,4277,10326,331,9580"
16414,16414,"6220,2218,5545,7707,13296,12606,4413,5303,2343,9942"
16416,16416,"238,7063,2140,7558,9454,2218,7383,5731,12632,10506"
16418,16418,"5303,8235,2218,6971,10326,8590,5999,2140,3055,3950"
16471,16471,"1290,11024,10607,4576,1779,10389,12903,11298,7120,10674"
16489,16489,"8562,2140,8421,5999,4413,3950,6220,10326,4798,5303"
16497,16497,"5303,9306,2140,6971,8590,2291,7063,9771,4877,10462"
16509,16509,"5303,2140,6971,8421,8590,4798,4277,13296,2380,2218"
16510,16510,"3950,6220,4413,8562,2789,2380,4798,2218,3870,5999"
16521,16521,"1290,789,7120,5135,10607,9962,4576,13309,2916,296"
16524,16524,"5027,7325,6060,2770,5105,13111,3960,6952,6640,6150"
16582,16582,"6971,6220,5303,13296,8590,8922,5545,7707,2343,2140"
16592,16592,"1290,7120,4929,6971,10663,6243,12497,8922,2916,7707"
16604,16604,"2140,5303,4798,7138,6971,8421,10326,2218,9580,7063"
16605,16605,"1290,7120,4929,10607,4576,10663,296,6610,11024,10389"
16617,16617,"4576,11024,789,12903,10607,1558,1290,5135,10674,9732"
16622,16622,"1290,789,9962,5135,10607,4576,7120,13309,6610,2916"
16624,16624,"2218,9942,5545,6220,4413,3870,11540,2380,8562,275"
16628,16628,"5999,3950,4798,2789,8421,10340,220,1996,11357,12990"
16633,16633,"1290,7120,4929,6243,2916,12030,8567,789,5135,296"
16646,16646,"6220,7707,8590,8922,10429,2218,7983,13296,12723,5149"
16651,16651,"2140,5303,8421,4798,4277,10326,9580,6971,12990,851"
16654,16654,"6220,2789,6971,2140,2380,3950,4798,8562,9799,4413"
16673,16673,"2140,6971,5303,10326,4798,9580,8421,4413,9799,5999"
16675,16675,"8421,5303,2140,4798,6220,8562,4277,10326,3950,9799"
16677,16677,"5303,2140,7063,6971,2218,2291,4798,4413,9799,12026"
16679,16679,"2218,275,8590,5303,1978,1017,2140,992,6220,13296"
16686,16686,"1290,789,9962,5135,7120,13309,10607,4576,2916,296"
16695,16695,"8421,4798,12990,10326,5303,4277,331,851,2140,3950"
16704,16704,"6220,2218,5545,12606,7707,9942,8562,3870,2343,4413"
16709,16709,"6220,5545,4413,3950,9942,2218,5999,1598,5532,4602"
16773,16773,"10326,8421,5303,2140,8562,12990,2218,2380,3950,7558"
16774,16774,"8421,13346,11384,3950,10594,8562,10340,220,12990,10326"
16797,16797,"3799,3428,13110,2705,9942,11800,5209,4602,6489,3992"
16803,16803,"2291,7063,9771,9306,2140,1912,5303,2169,4877,8421"
16804,16804,"8421,5303,4277,4798,10326,9580,331,12990,2140,851"
16806,16806,"1377,350,10352,5155,9375,6402,10431,1328,8092,2770"
16810,16810,"3870,3950,13110,3428,4602,2218,9729,3799,4946,6220"
16836,16836,"2140,8421,5303,4277,10326,4798,6220,275,9340,851"
16844,16844,"8590,2218,10326,4576,9072,275,5303,544,7138,6220"
16861,16861,"1290,789,5135,9962,7120,13309,4576,4929,2916,296"
16875,16875,"2140,5303,4798,8421,10326,12990,6971,2218,8562,4277"
16936,16936,"8421,3950,2140,4798,13346,2789,2580,8562,4277,2380"
16946,16946,"8421,3950,1180,4798,4277,12857,851,5610,11843,1996"
16965,16965,"2140,5303,4798,9799,4277,2218,6220,8922,8421,9580"
16987,16987,"2140,5303,6971,8421,4798,12990,10326,9580,2380,11282"
16988,16988,"2140,6971,5303,5999,2218,6220,9799,10326,2380,10835"
16989,16989,"3950,6220,4413,8562,5545,1598,3870,2218,5999,11784"
17007,17007,"2140,5303,2218,2380,10326,6220,6971,4798,7558,275"
17016,17016,"3950,8421,10326,4798,12990,13346,2380,8562,1996,11843"
17030,17030,"5610,220,350,2506,2140,11010,2580,11384,5731,13346"
17034,17034,"8421,2140,5303,10326,4798,4277,9580,12990,331,8562"
17054,17054,"2140,5303,10326,8421,4798,6971,12990,2218,4277,2380"
17056,17056,"1328,350,1377,10891,6306,10431,11590,12898,4993,2004"
17084,17084,"6220,2140,6971,5303,13296,2218,4277,8590,10326,275"
17098,17098,"4576,11024,4664,2989,8590,1290,10674,544,1779,12606"
17102,17102,"2140,6971,5303,8421,10326,4277,12990,4798,2380,331"
17109,17109,"3799,5999,4117,8746,3509,7705,2580,8505,12611,4090"
17112,17112,"6971,2140,8590,4798,4277,8421,7138,10326,9799,2218"
17119,17119,"6971,2140,5303,8590,8922,9799,6220,4798,13296,10326"
17124,17124,"6220,9799,5545,2140,7707,8562,10835,3950,6971,12606"
17141,17141,"6971,5999,2140,5303,6220,9799,8235,12680,10835,5199"
17160,17160,"4163,2957,4216,4688,10674,83,1851,9962,8650,789"
17179,17179,"6220,2218,8562,3950,4413,3870,5545,2140,7707,5303"
17189,17189,"8421,2140,10326,4277,8562,12990,4798,5303,12857,6220"
17191,17191,"6166,9668,4430,8703,5149,9454,9799,6220,7715,2140"
17194,17194,"8421,4798,2140,2218,4277,8562,12990,12857,10326,11843"
17195,17195,"5999,6971,5303,2140,10326,4798,9799,10835,5199,6220"
17200,17200,"1290,789,7120,5135,9962,10607,4576,13309,4929,296"
17212,17212,"6971,9799,6220,5303,2140,4413,2218,8922,6166,4798"
17218,17218,"5999,10835,6220,3950,5199,8562,2218,2380,10326,8235"
17232,17232,"350,1328,1377,1210,9340,10891,9375,2334,716,811"
17242,17242,"8421,2140,10326,8562,5303,4277,4798,275,2218,7558"
17255,17255,"3950,5999,11622,2380,2789,4413,13346,9799,8562,4798"
17262,17262,"1290,789,5135,9962,7120,10607,13309,4576,11298,2916"
17275,17275,"6220,5545,9942,13296,7707,4413,1598,12606,3870,13110"
17276,17276,"6220,2140,9942,275,2218,7558,8562,10326,5545,3870"
17278,17278,"1290,7120,4929,10663,6243,2916,12497,12030,296,8567"
17283,17283,"2140,5303,8421,4798,12990,10326,2218,6971,5999,4277"
17284,17284,"5999,4798,8421,10340,1996,2140,5303,220,851,1180"
17295,17295,"5999,2905,3950,4117,12611,6220,11622,1978,3428,5199"
17298,17298,"1290,7120,789,5135,10607,9962,4929,13309,296,4576"
17319,17319,"6220,5545,13296,2140,2218,6971,7707,4413,8590,5303"
17320,17320,"1290,789,9962,4576,5135,7120,13309,4664,10607,10674"
17325,17325,"6971,6220,9799,2140,2218,5303,8235,8922,13296,2380"
17330,17330,"1290,7120,4929,10663,2916,10607,789,12497,4576,6243"
17334,17334,"789,9962,5135,1290,10607,13309,4576,7120,4664,10674"
17346,17346,"6220,2218,4413,5545,9942,7707,13110,3870,12606,8562"
17352,17352,"6971,5303,2140,5999,8922,4798,9799,8421,8235,10326"
17353,17353,"1290,7120,10663,4929,789,5135,6243,12497,2916,13309"
17396,17396,"2140,5303,8421,10326,4798,12990,1634,9580,6971,11282"
17408,17408,"8590,8421,5303,2218,4277,10326,7138,3950,8562,6220"
17414,17414,"8421,10326,275,8562,5303,2218,4277,3870,3950,4798"
17422,17422,"789,9962,4576,5135,4163,2957,13309,1851,10674,1558"
17424,17424,"8421,4277,1328,10326,811,350,12990,1978,3950,4798"
17427,17427,"789,9962,5135,1290,7120,13309,2916,4929,10663,12497"
17432,17432,"3950,3799,13346,2580,3992,8562,3870,2990,8421,3428"
17434,17434,"2140,6971,5303,2291,10326,8922,4798,9580,8421,7138"
17439,17439,"8235,4602,2218,8590,3950,3055,7024,5303,5875,64"
17442,17442,"6971,5303,5999,2140,4798,9799,8421,6220,10326,2380"
17449,17449,"5999,10340,4413,4798,3950,8562,11540,2140,8421,2380"
17472,17472,"3950,5999,5532,2218,5199,1210,10835,8590,4117,3055"
17509,17509,"1290,7120,789,4576,10607,4929,5135,10663,296,9962"
17522,17522,"6220,4413,8235,2218,9942,9799,5545,2380,6971,8562"
17527,17527,"2140,5303,8421,4798,851,6971,7138,10326,331,9580"
17535,17535,"1290,7120,789,9962,5135,2916,4929,10663,13309,12497"
17540,17540,"2140,2291,7063,5303,4798,9771,851,2169,1912,2264"
17541,17541,"789,5135,1290,9962,10607,1558,2957,10674,13309,4163"
17551,17551,"10326,8421,3770,7138,2169,1996,1912,10594,1180,5610"
17564,17564,"8421,5303,2140,4798,851,4277,6971,331,9580,10326"
17565,17565,"1377,10352,6306,8092,11590,350,12824,6402,7480,8540"
17581,17581,"2218,12990,10326,8421,4798,2140,7558,1634,8562,811"
17596,17596,"6971,8922,2218,5303,2140,1290,13296,6220,10326,544"
17601,17601,"3950,10340,4413,2990,7723,11540,13346,2199,8562,5999"
17611,17611,"2140,5303,10340,4798,6515,2218,220,1180,4315,11282"
17612,17612,"8421,4277,5303,8590,10326,7138,350,2140,275,4798"
17620,17620,"5999,3950,5532,8235,3799,4602,4413,5199,2990,2903"
17627,17627,"8071,1558,3509,275,810,2218,238,992,12404,4576"
17634,17634,"2218,5149,10429,7707,12606,4430,12723,8981,7706,6166"
17649,17649,"10326,8421,6220,4277,13296,1978,8562,3950,8590,5303"
17654,17654,"7558,3428,13306,13110,2580,1328,652,350,11010,1426"
17659,17659,"2140,6971,9799,8922,5303,6220,10326,6166,12026,13296"
17666,17666,"1290,7120,4929,10663,8590,2916,6971,6243,12497,789"
17674,17674,"5303,6971,2140,8590,2218,7138,4277,10326,4798,8421"
17684,17684,"1328,350,9375,1377,2770,5105,5494,5027,2334,10431"
17708,17708,"2140,5303,6971,10326,8590,7138,8421,2218,8562,275"
17709,17709,"6220,2218,2140,275,5545,7138,9942,8590,7707,9072"
17741,17741,"6971,2140,12026,5303,9799,2380,6220,10326,8562,4798"
17752,17752,"7325,4935,10732,5561,7496,6150,8911,162,10974,10739"
17765,17765,"6220,2218,5999,10835,5303,6971,5199,8235,2343,2140"
17770,17770,"1290,7706,10429,7120,5149,8703,589,9564,1487,12723"
17814,17814,"6220,8421,8562,2140,3950,4798,5303,2218,3870,11622"
17818,17818,"2218,350,3509,13110,275,9942,5495,12606,12470,5545"
17822,17822,"1290,7120,10663,4929,789,296,5135,12497,2916,6243"
17826,17826,"2140,10326,8562,8421,2218,6220,275,6971,7558,4277"
17827,17827,"1290,7120,789,10607,5135,9962,6610,4576,12903,10389"
17840,17840,"8590,6220,13296,2140,5303,8922,7707,10326,6971,8421"
17843,17843,"2218,8562,6220,4413,3950,2140,3870,10326,5545,2380"
17864,17864,"2140,5303,8421,10326,2169,7138,4798,851,1912,12990"
17871,17871,"5149,8703,7706,7637,10429,11615,12723,8981,11103,1487"
17881,17881,"2218,6220,2140,6971,1978,5303,7558,5545,8590,13296"
17928,17928,"6220,5545,2140,13296,6971,9799,9942,4413,2218,7707"
17931,17931,"7325,5105,5760,9375,10974,4935,6060,8911,6150,5561"
17933,17933,"2218,5999,3950,6220,5545,4602,4413,9942,5532,220"
17953,17953,"2218,2140,8235,6220,5303,7707,8922,12026,10835,2380"
17970,17970,"6220,2218,3950,5545,8235,4413,5303,2380,8562,9942"
17977,17977,"2140,6971,5303,6220,8421,10326,2218,8922,4798,8562"
17982,17982,"1290,9962,7120,10607,2916,296,4576,10663,3697,4929"
17995,17995,"1290,6971,7120,12030,4929,10663,8922,12497,6243,8703"
18002,18002,"8421,5303,2140,10326,4277,12990,1634,811,7138,12857"
18006,18006,"1377,6402,9375,10431,12029,8028,4861,6306,1328,2870"
18023,18023,"2140,5303,2218,275,7063,7558,7383,6971,6220,2264"
18024,18024,"7063,9771,2291,4877,9306,7383,7439,383,2140,10462"
18047,18047,"6220,2218,6971,5545,9799,13296,4413,2140,7707,8590"
18050,18050,"2218,6971,6220,5303,2140,13296,8922,8562,4413,5545"
18078,18078,"8421,2140,5303,10326,6971,4277,4798,9580,12990,2380"
18086,18086,"1290,789,7120,5135,9962,13309,6971,296,4929,12497"
18093,18093,"789,1290,5135,7120,10607,9962,4576,11024,13309,12903"
18115,18115,"8421,4798,5303,2140,4277,10326,851,12857,12990,331"
18122,18122,"1290,7120,4929,6971,8922,10663,12497,10429,6243,7706"
18124,18124,"2140,6971,5303,851,4798,331,11282,8421,12990,2380"
18127,18127,"1290,789,5135,7120,9962,4929,13309,2916,10663,10607"
18133,18133,"8421,3950,8562,4798,13346,10326,4277,12990,5303,5999"
18148,18148,"2218,5999,11384,13346,220,8562,3950,5303,2580,11540"
18155,18155,"12606,13110,2327,3464,12125,12775,2218,2301,1074,8028"
18158,18158,"4576,789,9962,5135,1290,4163,13309,7120,10674,2957"
18166,18166,"350,2580,220,5999,12611,2506,992,5610,2905,1328"
18167,18167,"2140,5303,4277,10326,6971,8421,8590,4798,6220,12990"
18169,18169,"9306,13214,2291,4877,9771,383,7439,7383,7063,7341"
18175,18175,"7024,11403,5199,4602,5532,6529,10835,2903,6220,12662"
18178,18178,"3950,5999,13346,2789,8562,4413,11622,11751,4798,10340"
18214,18214,"1290,7120,4929,10663,6243,789,12497,5135,12030,9962"
18217,18217,"2140,5303,8421,6220,4277,10326,4798,6971,8562,2218"
18226,18226,"1290,789,7120,5135,4576,9962,10607,4929,296,13309"
18229,18229,"2140,5303,2218,12990,2380,6971,10326,4798,8421,7558"
18236,18236,"350,12611,2905,992,4640,6391,12156,3770,6626,1377"
18240,18240,"3950,6220,3870,5545,9942,3799,2218,1598,4946,8562"
18262,18262,"6220,5545,4413,9942,3870,3950,13296,8562,1598,9799"
18266,18266,"1290,789,4929,5135,10663,9962,2916,10607,296,4576"
18272,18272,"10326,8421,3950,8562,13346,12990,2218,5303,4798,2380"
18292,18292,"6971,2140,9799,8922,5303,6220,8590,2218,4413,12026"
18299,18299,"8421,2140,4798,851,12990,4277,350,5303,275,331"
18321,18321,"1377,2334,2770,350,6952,9375,5105,10352,5155,9516"
18338,18338,"5303,2140,6220,8421,10326,2218,13296,4277,8562,4798"
18339,18339,"2140,8421,10326,5303,4798,12990,6971,4277,9580,8562"
18341,18341,"10340,11622,7723,2140,4413,8413,9454,11751,12632,6982"
18355,18355,"1290,789,7120,5135,9962,13309,10663,2916,4929,10607"
18364,18364,"6971,1290,8590,6220,2218,8922,544,89,7120,4576"
18368,18368,"2140,5303,8421,10326,6971,4798,4277,9580,8562,12990"
18393,18393,"2140,6220,6971,13296,5303,12026,12680,2380,4798,9799"
18409,18409,"2140,8421,4798,5303,4277,851,331,12990,10326,2380"
18434,18434,"8421,10326,2140,12990,1634,5303,4798,331,851,9580"
18440,18440,"6220,8562,8421,3950,2140,4798,2380,3870,5303,13346"
18446,18446,"8421,5999,851,2140,1180,4798,8161,11843,1996,331"
18467,18467,"2140,10326,8421,5999,1634,11540,5303,12990,6971,4798"
18475,18475,"1290,7120,4929,10663,6220,4576,10607,296,2916,789"
18487,18487,"6220,6971,9799,2218,8235,8922,7707,13296,12026,9942"
18489,18489,"350,9375,1328,1377,3509,10431,12470,5494,992,5495"
18499,18499,"5303,2140,8421,4277,10326,4798,6971,8590,851,7138"
18505,18505,"2140,8421,6220,5303,10326,4798,8562,4277,2218,6971"
18525,18525,"8421,4277,10326,13296,6220,4798,5303,275,12990,8562"
18530,18530,"8421,10326,12990,11384,5999,13346,2140,5303,12857,4798"
18539,18539,"1290,7120,4929,10663,12497,2916,6243,7706,296,10429"
18546,18546,"5303,6971,8590,2140,10326,8421,4798,8922,9799,6220"
18579,18579,"6220,8590,6971,2218,13296,2140,5545,5303,10326,4277"
18585,18585,"5999,10835,4117,5532,3950,5199,13346,4199,11622,4602"
18595,18595,"10326,8421,4277,1978,811,12990,2140,6220,5303,4798"
18648,18648,"8421,4798,2140,4277,10326,5303,12990,3950,331,8562"
18679,18679,"8235,5999,3950,8562,5303,2140,2218,9799,2990,6220"
18683,18683,"6220,13296,7707,2140,5545,7706,12606,2218,9799,8922"
18687,18687,"6971,2140,7063,5303,2291,8590,7138,8922,2218,9668"
18718,18718,"6220,6971,2218,7707,2140,13296,12606,9942,2343,9799"
18741,18741,"5700,5209,11622,3992,12417,8746,5673,12611,11795,11572"
18760,18760,"1290,7120,789,5135,9962,10607,11024,13309,4576,2916"
18771,18771,"8590,2140,7138,275,5303,2218,6220,10326,9340,4277"
18787,18787,"2140,5303,6971,4798,8421,851,9580,331,10326,4277"
18788,18788,"5999,8421,2140,5303,4798,2380,4413,6220,9799,12990"
18789,18789,"2140,6971,5303,6220,2218,9799,8590,6166,8922,2380"
18798,18798,"6220,2218,2140,4413,5303,8562,5545,4798,9799,6971"
18800,18800,"4576,8590,5532,2903,4163,3509,11918,11024,9942,9732"
18805,18805,"6220,4413,3870,2218,5999,8421,4798,3950,5610,13296"
18806,18806,"9962,789,6811,4163,10607,10336,4216,7120,2957,10674"
18812,18812,"8235,5199,9942,6971,10835,8590,89,7792,11289,11403"
18818,18818,"9375,5105,1377,1328,10974,6060,5760,6306,11771,5027"
18830,18830,"2140,5303,8421,4798,11282,10326,2380,12990,6515,10340"
18835,18835,"1290,7120,6971,4929,10663,789,8590,5135,9962,2916"
18839,18839,"6971,5303,2140,8590,9799,2218,8922,4798,4413,7138"
18851,18851,"6971,5303,2140,2218,9799,6220,4413,6166,8590,13296"
18854,18854,"6971,5303,2140,8421,4798,10326,5999,9799,9580,8562"
18864,18864,"8421,851,331,4277,11843,12990,4798,1180,811,10326"
18865,18865,"2140,6971,5303,7063,9799,9668,2380,12026,2218,6166"
18874,18874,"789,5135,9962,1290,7120,13309,10607,4576,6811,10336"
18875,18875,"8421,4798,5303,3950,5999,220,10326,13346,2140,2218"
18879,18879,"4576,10674,11024,4163,2957,7679,4664,1851,1779,9732"
18882,18882,"1290,7120,4576,789,2916,9962,4929,5135,10663,12497"
18895,18895,"3950,4413,2218,8235,2990,4602,3055,6220,3870,454"
18903,18903,"2140,6971,5303,6220,4277,10326,13296,8421,4798,2218"
18913,18913,"2140,5303,8421,10326,4798,851,12990,6971,2218,7138"
18934,18934,"1290,789,7120,5135,9962,13309,4929,10663,2916,12497"
18935,18935,"6971,8590,1290,89,8922,13296,7120,544,10835,5199"
18981,18981,"2140,5303,6971,2218,7063,275,2380,10326,5999,7138"
18985,18985,"6220,6971,2140,13296,275,7707,544,8922,9942,5545"
18987,18987,"7120,5135,9962,13309,12497,2916,6811,296,10607,3539"
18990,18990,"10326,8421,5303,6220,12990,4277,4798,6971,2380,5999"
18996,18996,"6220,2218,6971,5545,2140,8562,5303,9942,7558,10326"
19010,19010,"8421,4277,10326,9580,5303,2140,4798,12990,331,851"
19016,19016,"1290,789,5135,9962,7120,10607,13309,4576,4664,296"
19018,19018,"8590,1210,4413,10326,7138,9733,2218,6220,8562,4277"
19029,19029,"2140,5303,8421,4798,12990,10326,9580,6971,851,4277"
19060,19060,"3509,7679,8607,4576,11024,10674,4024,9732,4048,2989"
19069,19069,"1290,7120,6971,4929,10663,789,12497,6243,8590,12030"
19084,19084,"2140,8421,10326,12990,4798,8562,5303,3950,6220,4277"
19086,19086,"4576,10674,11024,4664,789,1558,2989,5135,4163,10607"
19105,19105,"1290,789,7120,5135,9962,13309,11117,6811,3697,10663"
19110,19110,"1290,789,9962,5135,7120,13309,10663,4929,2916,3697"
19135,19135,"1328,350,1377,11590,10352,6306,8092,10891,6402,5155"
19144,19144,"6220,8562,2140,6971,5303,2218,3870,8421,2380,275"
19154,19154,"2140,2218,220,4798,8421,5303,275,5610,6220,10326"
19168,19168,"8421,6220,8562,3950,4277,1978,811,13346,12990,7558"
19173,19173,"1290,7120,4929,10663,12030,6243,12497,5573,8703,2916"
19187,19187,"9799,6220,6971,2140,6166,4413,8922,7707,5303,13296"
19216,19216,"9375,5105,6060,6150,1377,10974,2334,5760,5494,2770"
19227,19227,"11622,5700,5209,3799,12611,11795,11751,8746,9786,12417"
19231,19231,"2140,5303,8421,4798,10326,6971,12990,4277,2380,6220"
19234,19234,"1290,10607,11024,7120,4576,1779,2916,10389,6610,11298"
19255,19255,"6971,2140,5303,6220,8922,9799,10326,2218,13296,8590"
19258,19258,"5999,220,3950,10340,1996,5610,2580,8746,13346,11622"
19266,19266,"1290,7120,6971,10663,4929,12497,789,296,544,2916"
19296,19296,"2140,6971,5303,7063,7138,8590,10326,2291,5497,4798"
19297,19297,"9375,1377,5105,10078,6306,5760,5027,11771,449,6011"
19308,19308,"3950,2218,3870,5999,8562,6220,2380,8235,10326,5199"
19323,19323,"10352,6952,8092,1328,8540,1377,10107,5027,6640,6306"
19346,19346,"5303,6971,10326,8421,4277,6220,12990,4798,13296,2380"
19347,19347,"6971,8590,7120,4929,8922,10663,12497,12030,6220,6243"
19360,19360,"1290,7120,10663,4929,2916,6243,789,12497,5135,13309"
19364,19364,"10674,4576,789,4163,11024,10607,4664,5135,2957,9962"
19378,19378,"3950,2789,8421,13346,8562,11622,5999,11784,4798,454"
19379,19379,"5303,2140,6971,4798,2218,8421,7138,10326,4277,6220"
19380,19380,"2140,5303,8421,851,4798,10326,4277,331,8161,6515"
19381,19381,"8421,4277,9580,331,851,10326,4798,5303,2140,12990"
19384,19384,"6220,5303,10326,8421,6971,4277,8562,12990,4798,2218"
19385,19385,"6220,13296,2218,2380,7707,4413,8562,9799,2140,9942"
19388,19388,"789,5135,9962,1290,7120,10607,4576,1558,13309,10674"
19406,19406,"2140,5303,8421,10326,4277,6971,9580,4798,12990,1634"
19408,19408,"5999,6971,5303,2140,4798,8590,3055,9799,10326,8922"
19415,19415,"1290,7120,6971,8590,4929,10663,8922,6220,12497,2916"
19417,19417,"5303,3950,8235,10835,5999,2218,3055,220,8421,8562"
19434,19434,"2140,5303,275,6220,4277,8421,13296,2218,10326,8590"
19441,19441,"8421,10326,4798,2140,12990,5303,9580,3950,4277,8562"
19461,19461,"789,5135,7120,1290,9962,10607,4576,13309,2916,4664"
19474,19474,"6220,5303,6971,2380,4798,2218,2140,2789,8421,5999"
19477,19477,"8590,4216,1558,4163,2957,10674,7138,350,275,3314"
19484,19484,"789,10607,5135,9962,1851,4576,4163,11024,10674,2957"
19502,19502,"2140,2218,275,6220,7138,8590,10835,6971,5303,7558"
19503,19503,"4413,6220,5545,2218,6971,13296,9799,8590,9942,5303"
19512,19512,"2140,6220,5303,2218,6971,8562,4798,8421,4277,10326"
19515,19515,"6220,2218,6971,8590,8922,7707,13296,5545,8235,1290"
19518,19518,"2218,2140,5303,4413,6220,6971,8562,9799,10326,2380"
19530,19530,"6971,2140,6220,13296,2380,5303,10326,12990,12026,8922"
19559,19559,"1290,7120,789,5135,4576,4929,10607,9962,296,10663"
19576,19576,"2140,8235,5303,10326,6971,2218,8562,6220,2380,8421"
19586,19586,"8590,2140,7983,7138,275,8235,10835,7707,5532,7024"
19594,19594,"6971,8235,9799,8590,13296,5303,8922,10326,12026,6220"
19605,19605,"1290,7120,4576,10429,4929,2916,1863,10663,12606,10607"
19618,19618,"2218,5303,6220,6971,2140,4798,5999,4413,2789,2380"
19620,19620,"2140,9799,6971,5303,12026,5549,4101,9668,4798,8922"
19623,19623,"8562,6220,8421,3950,2218,10326,4798,4277,3870,2380"
19628,19628,"5999,6971,5303,8235,8922,9799,2140,10835,3055,5199"
19631,19631,"789,7120,5135,4576,9962,10607,1558,4929,2916,1851"
19642,19642,"3799,3950,5999,5199,5532,10835,6220,3870,13346,5545"
19644,19644,"2291,2140,7063,9306,6971,9771,4877,5303,10462,7439"
19648,19648,"6220,2218,9942,4576,8590,12606,5545,7707,544,13110"
19665,19665,"2218,5495,13110,9942,6220,350,992,1210,10326,9340"
19683,19683,"1290,789,5135,9962,10607,4929,13309,296,10663,4576"
19684,19684,"2140,8421,5303,4277,7138,4798,10326,851,12990,2169"
19693,19693,"8421,13346,10326,5999,1210,9340,5303,2140,3950,4679"
19696,19696,"2140,6971,5303,6220,10326,4798,2218,8421,12990,4277"
19707,19707,"5303,2140,8421,4798,4277,10326,12990,8562,2380,331"
19715,19715,"5999,4117,10835,3950,5199,4798,4053,11357,2380,5532"
19716,19716,"1290,7120,13309,10607,2916,4929,296,4576,3697,12497"
19729,19729,"6971,2140,5303,12026,8590,8922,1290,13296,6220,5549"
19734,19734,"8421,10326,2140,8562,3950,13346,12990,7558,2218,5303"
19758,19758,"2140,8590,5303,6971,2218,4798,10326,7138,8235,3055"
19764,19764,"5303,4798,8421,10326,12990,4277,2380,6971,9580,331"
19773,19773,"1290,789,5135,9962,10607,13309,4664,296,11024,4576"
19778,19778,"6220,2218,5545,9942,13110,12606,4413,11540,7707,1598"
19780,19780,"8421,5303,2218,6220,8562,4798,10326,7138,4277,275"
19784,19784,"1328,350,1210,9340,1377,4277,3950,13110,2506,10431"
19786,19786,"8421,3950,8562,4798,12990,4277,5610,11843,13346,10340"
19793,19793,"8421,4798,10326,2140,5303,4277,9580,12990,331,851"
19798,19798,"6220,2140,2218,6971,2380,5303,4413,3950,5545,5999"
19808,19808,"9799,4798,2199,5999,5303,3950,8562,8421,2380,2140"
19812,19812,"9962,789,5135,1290,10607,13309,10674,4163,4664,3539"
19821,19821,"9937,7637,8981,6166,2990,4698,4430,8562,8703,4915"
19830,19830,"4576,1290,789,4664,11024,10607,10674,5135,9962,7120"
19843,19843,"8421,8590,9340,10326,350,7138,851,2140,4277,2158"
19867,19867,"1290,7120,6220,4576,7706,3487,10429,4929,13296,10607"
19889,19889,"3950,8562,6220,10326,8421,3870,13346,5999,4798,2140"
19893,19893,"6220,2218,5545,12606,10429,7707,4413,9942,13296,1863"
19898,19898,"1290,7120,789,5135,9962,4929,10663,4576,296,13309"
19902,19902,"10352,6952,8092,8540,4621,6402,6640,10107,2770,5105"
19905,19905,"8421,4277,4798,10326,331,9580,5303,851,12990,2140"
19910,19910,"8421,3950,5999,10340,1996,4798,11843,1180,8562,13346"
19929,19929,"6220,2140,8421,6971,4277,10326,5303,8590,8562,4798"
19932,19932,"1290,7120,789,5135,4576,10607,9962,4664,13309,296"
19952,19952,"2218,8562,6220,4413,5545,7707,3950,11540,4798,9799"
19956,19956,"6220,5545,4413,9942,2218,275,1978,8562,3870,2380"
19987,19987,"6971,2140,5303,10326,8421,4277,4798,8590,12990,9580"
20008,20008,"2140,5303,8421,4277,4798,6971,331,851,9580,8590"
20018,20018,"3950,4413,5999,6220,2789,11622,4798,9799,8562,5303"
20019,20019,"6220,544,6971,2140,5545,8590,1290,9942,11969,275"
20020,20020,"1290,7120,4929,10663,789,12030,6243,12497,5135,2916"
20023,20023,"3950,11622,5999,2789,11751,13346,220,2218,1978,10340"
20031,20031,"6220,8922,6971,13296,7707,2218,9799,5545,2343,8590"
20039,20039,"6220,5545,2218,4413,9799,13296,7707,8562,2343,3950"
20040,20040,"2140,5999,5303,8421,4798,10326,2380,12990,851,6971"
20041,20041,"2218,6220,8590,6971,5545,7707,13296,544,12606,1290"
20045,20045,"8421,3950,4798,5999,8562,5303,2789,13346,10340,12990"
20056,20056,"6971,6220,13296,9799,5303,1290,8590,544,2218,2140"
20069,20069,"2218,6220,5303,6971,8590,13296,2140,5545,10326,9942"
20074,20074,"3950,4413,3870,10340,3992,11622,11751,8562,8421,4602"
20083,20083,"6220,3950,5545,4413,9942,1598,13110,2218,3428,3870"
20085,20085,"1290,7120,789,5135,9962,4929,2916,4576,10663,13309"
20086,20086,"6971,5303,2140,2218,9799,6220,8922,4413,6166,12026"
20089,20089,"6971,6220,9799,5303,2140,4413,2218,8922,2380,4798"
20101,20101,"2140,5303,6220,9799,8590,8922,2218,2380,8235,10326"
20104,20104,"4935,7325,5561,10732,6150,7220,12226,11655,10739,4159"
20112,20112,"6220,5545,12606,7707,13296,9942,2218,8590,544,13110"
20115,20115,"2140,5303,6220,8421,4798,2380,10326,6971,4277,8562"
20133,20133,"789,1290,5135,7120,13309,10607,6811,3697,11298,2916"
20136,20136,"2140,5303,2218,6220,275,6971,8590,7138,10326,8562"
20138,20138,"789,1290,9962,5135,7120,13309,2916,10663,10607,4929"
20162,20162,"2140,5303,10326,6971,8421,2218,4798,12990,4277,2380"
20176,20176,"6971,2140,4277,6220,4798,8590,9799,8421,8922,2380"
20200,20200,"2140,5303,8562,4798,4277,11384,6220,12990,3950,13346"
20222,20222,"7063,9306,7383,2140,2291,5303,5819,2218,9771,275"
20251,20251,"2140,6971,5303,4798,8421,9580,11282,851,10326,6515"
20256,20256,"8421,12990,4798,10326,5999,5610,11843,1996,5303,851"
20264,20264,"6971,2140,8590,4277,5303,10326,6220,13296,8421,8922"
20280,20280,"8421,851,2140,4277,4798,5303,12990,10326,331,11843"
20286,20286,"1290,4576,7120,10607,11024,4929,3487,10674,4664,789"
20323,20323,"1290,7120,4929,789,10663,5135,2916,6243,12497,9962"
20324,20324,"6971,1290,8590,2140,13296,6220,7120,8922,544,5303"
20336,20336,"1290,7120,4576,4929,789,10607,10663,5135,296,2916"
20339,20339,"8562,6220,7558,2218,9942,3870,3950,5545,5610,11622"
20344,20344,"2140,6971,5303,7063,8922,851,8421,4277,10326,2291"
20356,20356,"6220,3950,8562,4277,3870,4798,9729,4413,5545,1598"
20360,20360,"1290,7120,10663,4929,12497,6243,2916,12030,789,5135"
20362,20362,"2343,6971,8235,6220,9799,5532,5999,10835,8562,5303"
20376,20376,"2140,5303,8421,10326,6220,275,2218,4798,4277,8562"
20381,20381,"2218,6971,6220,8922,7707,2140,5303,13296,8590,12606"
20394,20394,"7120,789,4929,5135,10663,9962,2916,296,4576,10607"
20397,20397,"6971,8590,2140,5303,8922,6220,2218,4277,13296,9799"
20407,20407,"2140,6220,2218,8562,8421,3950,4798,7558,7707,13346"
20413,20413,"1290,7120,789,5135,9962,13309,4929,12497,10663,6971"
20433,20433,"1290,789,5135,9962,7120,13309,10607,4929,296,2916"
20448,20448,"8590,2218,7138,275,4576,9733,9942,1018,12606,5731"
20492,20492,"5303,6971,2140,6220,2218,4798,8421,9799,8590,5999"
20505,20505,"1290,789,5135,9962,7120,13309,10663,2916,3697,4929"
20512,20512,"3950,8421,8562,5303,2140,4798,6220,10326,9799,5999"
20514,20514,"8590,2218,7138,275,2140,10326,5303,9733,6220,9942"
20533,20533,"275,8421,4277,2140,9340,350,992,5731,5303,10326"
20543,20543,"8421,2140,4277,10326,12990,5303,1634,331,811,275"
20546,20546,"8421,851,1180,4277,350,2169,331,10326,12857,9340"
20557,20557,"5545,8562,13296,2140,3870,3950,7707,8421,4413,2380"
20558,20558,"10326,7138,5303,8421,2140,4798,8562,9580,2169,1912"
20561,20561,"3950,8421,8562,6220,2218,10326,4413,13346,10340,5303"
20566,20566,"1290,789,7120,5135,10607,9962,4576,296,4929,13309"
20573,20573,"789,1290,5135,9962,10607,13309,10674,7120,4664,4036"
20623,20623,"1290,6971,7120,4929,8922,8703,10663,9799,6243,12030"
20627,20627,"2140,5303,8421,4798,6971,10326,851,9580,4277,331"
20643,20643,"2140,5303,2291,6971,7063,4798,8421,851,2264,8161"
20645,20645,"1290,789,7120,5135,4576,10607,4929,13309,296,2916"
20652,20652,"2140,8421,10326,5303,4798,4277,6220,12990,8562,6971"
20654,20654,"8421,4277,2140,5303,4798,10326,9580,331,12990,851"
20667,20667,"6971,8590,2140,89,8922,13296,275,2380,10464,5303"
20670,20670,"3950,8421,5303,10326,2218,2140,8562,13346,5999,4798"
20671,20671,"6971,2140,5303,5999,2218,4798,10326,9799,6220,8922"
20676,20676,"5303,2140,6971,9799,8590,6220,4798,2218,2380,4413"
20694,20694,"8590,5303,6971,2140,4277,13296,8421,10326,6220,9072"
20709,20709,"2140,5303,6971,8421,10326,4798,4277,9580,2218,1634"
20716,20716,"6971,5303,2140,9799,2218,4798,10326,8421,2380,9580"
20739,20739,"8590,2218,6220,13296,2140,7707,7138,6971,275,5545"
20763,20763,"6971,8590,9799,6220,2343,8922,8235,1290,5303,13296"
20779,20779,"1290,7120,789,4929,5135,9962,10663,2916,12497,4576"
20781,20781,"6971,9799,5303,2140,6220,2218,2380,4413,8922,6166"
20790,20790,"1290,7120,789,9962,5135,13309,4929,12497,10663,2916"
20792,20792,"8421,2140,5303,10326,4798,4277,12990,9580,331,8562"
20797,20797,"2140,5303,9799,6971,4413,2218,4798,2380,6166,6220"
20811,20811,"5303,2218,4413,10326,6220,8562,2140,11540,9942,2380"
20821,20821,"1290,10607,4576,789,5135,6610,11024,7120,9962,7679"
20830,20830,"8421,10326,2140,4798,5303,8562,12990,9580,4277,2218"
20861,20861,"5999,5532,6971,5199,6220,9799,8235,8590,2218,2380"
20878,20878,"4915,2108,9306,4608,7705,220,5610,3950,2958,5731"
20891,20891,"7024,5875,8235,5999,2218,5524,7707,4602,4266,3950"
20895,20895,"3950,6220,8421,4798,8562,2380,5999,5303,4413,13346"
20901,20901,"8421,5303,2140,2380,4277,4798,10326,331,12990,5999"
20908,20908,"2140,5303,4277,8421,851,10326,331,4798,6971,12990"
20928,20928,"1290,7120,4929,789,10663,5135,12497,10607,2916,296"
20945,20945,"6220,5303,5545,13296,1978,2380,275,4798,11751,7900"
20971,20971,"10326,2140,8421,5303,12990,8590,4277,9580,6971,1634"
20979,20979,"2140,6971,5303,8421,4277,4798,10326,2380,9799,9580"
20982,20982,"6971,5303,2140,8922,8590,9799,4798,2218,6220,13296"
20991,20991,"2140,5303,4798,10326,5999,9799,8421,2380,2218,12990"
20998,20998,"6220,8421,8562,3870,3950,2380,5545,10326,811,13296"
21006,21006,"5999,3950,2789,4117,11622,11357,5199,13346,10835,8421"
21018,21018,"2140,5303,8421,4798,2291,6515,6971,851,7138,8161"
21028,21028,"8590,4576,9942,1290,89,5532,12606,11024,10674,4664"
21041,21041,"5303,2140,8421,4277,4798,6971,10326,8590,7138,851"
21042,21042,"5999,3799,5199,10835,3950,4117,5532,10063,9733,1210"
21064,21064,"1290,7120,9962,13309,10663,2916,4929,3697,12497,296"
21075,21075,"10835,5999,5199,8235,3950,5532,6220,3870,3055,2380"
21078,21078,"4413,8562,3950,8421,4798,3870,2380,5303,10326,2140"
21081,21081,"2140,6971,2218,8235,5303,10835,5999,6220,3055,8562"
21084,21084,"6220,6971,2218,2140,13296,5303,9799,5545,4277,4413"
21089,21089,"8421,4277,331,851,1180,4798,10326,12990,7197,811"
21112,21112,"2218,6220,5545,9942,12606,7707,13110,8590,4413,13296"
21126,21126,"3950,5999,4413,10340,8562,13346,4798,11622,2580,220"
21129,21129,"1290,7120,789,5135,9962,4929,2916,10663,12497,13309"
21130,21130,"3950,2343,3799,13346,3870,10835,11622,4602,6220,4413"
21137,21137,"5999,10326,2218,8562,6220,4413,2140,5303,3950,8421"
21149,21149,"5999,6220,3950,2218,9799,11540,2990,5545,4413,10340"
21152,21152,"10326,5303,2218,8562,3950,6220,2140,5999,4798,8421"
21177,21177,"5999,8421,10326,2140,12990,5303,1996,3950,8562,11843"
21191,21191,"7120,4929,10663,12030,6243,12497,2916,8567,5573,6971"
21200,21200,"2140,8421,5303,5999,4798,10326,7138,5610,851,9733"
21204,21204,"3950,8562,4798,10326,9580,2140,5303,4277,1996,12990"
21221,21221,"6971,8590,8922,1290,2218,6220,2140,5303,9799,7120"
21228,21228,"2140,6971,5303,4798,9799,5999,2218,8922,6220,8421"
21249,21249,"2140,6971,5303,2218,8590,10326,7138,9072,6220,8922"
21256,21256,"4413,5303,9799,2218,5999,2380,4798,6166,2140,10340"
21261,21261,"8421,3950,4798,8562,5999,13346,2789,11622,10340,11843"
21279,21279,"6971,2140,5303,6220,13296,8922,9799,4277,2218,2380"
21282,21282,"789,1290,5135,9962,10674,4664,10607,4163,13309,7120"
21305,21305,"8421,4277,851,331,10326,12990,4798,1180,11843,3950"
21307,21307,"8421,5999,5303,4798,2140,851,220,5610,12990,7138"
21315,21315,"8590,2218,7138,6220,13296,5303,4413,5532,3055,5545"
21342,21342,"6971,7120,789,4576,544,8590,5135,4664,9962,10607"
21347,21347,"2140,6220,5303,10326,8421,4277,8562,4798,3950,12990"
21357,21357,"2218,6220,5545,275,9942,7707,3870,12606,13110,7558"
21358,21358,"6971,5303,2140,4798,5999,2218,8590,9799,6220,8421"
21368,21368,"789,1290,5135,9962,7120,13309,6811,3697,12497,4929"
21372,21372,"2140,5303,7138,8590,7063,4277,8421,4798,2291,6971"
21373,21373,"2218,6220,2140,8590,5545,5303,10835,7138,275,1978"
21383,21383,"7120,4929,10663,789,6243,12497,2916,296,5135,8567"
21393,21393,"6971,5303,2140,8922,8590,9799,4798,2218,6220,13296"
21415,21415,"1290,7120,4929,10663,6243,789,12497,12030,2916,5135"
21421,21421,"4413,3950,5999,2218,5303,8562,11540,10340,2990,6220"
21433,21433,"2140,4277,5303,8421,4798,6220,10326,12990,331,6971"
21449,21449,"2140,2218,5303,10326,6220,6971,8421,8562,8590,10835"
21483,21483,"6220,5303,8562,6971,2218,5545,2140,10326,13296,8421"
21488,21488,"3950,5610,10340,220,8421,13346,11622,4798,9455,2789"
21518,21518,"2218,275,9942,12606,13110,6220,5545,5731,3509,9733"
21528,21528,"2140,6220,2218,5303,2380,9799,8562,4798,4413,8421"
21536,21536,"1290,7120,789,5135,9962,10663,296,10607,4929,13309"
21585,21585,"6220,5545,4413,2218,2140,7707,6971,8562,9942,9799"
21598,21598,"2140,5303,2291,7063,6971,275,8590,7138,2218,2264"
21602,21602,"6220,3950,5545,3870,4413,8562,4602,2218,13346,1598"
21604,21604,"5303,2140,7063,4798,2291,6971,5999,8421,10326,2380"
21626,21626,"8590,6971,2140,5303,8922,7138,5999,6220,2218,10326"
21636,21636,"2140,2218,5303,6971,6220,8421,4798,10326,8562,7138"
21649,21649,"7120,10663,4929,9962,12497,2916,13309,6243,12030,3697"
21650,21650,"2334,9375,2770,350,1377,8071,4216,6060,5105,12541"
21655,21655,"1290,7120,789,10607,5135,4929,9962,296,10663,2916"
21662,21662,"1290,4576,789,7120,5135,9962,10607,4664,13309,296"
21681,21681,"789,5135,9962,1290,10607,7120,1558,13309,12903,10674"
21686,21686,"1328,350,1377,1210,10891,2506,11590,7138,10431,9375"
21699,21699,"2218,6220,3950,8235,8562,9942,7707,9799,5545,4413"
21702,21702,"1290,789,7120,5135,9962,10607,13309,4929,296,10663"
21709,21709,"6971,10326,6220,2140,3950,4413,4798,8562,8421,2218"
21718,21718,"8421,4798,12990,851,10326,331,5303,11843,10916,3950"
21719,21719,"8421,4277,331,9580,4798,851,12990,2140,10326,1180"
21724,21724,"8421,10326,331,4798,9580,5303,851,12990,8562,11843"
21741,21741,"1290,789,7120,5135,9962,4576,13309,10607,2916,4929"
21746,21746,"789,1290,5135,9962,4576,7120,10607,13309,4664,4163"
21751,21751,"2218,2140,6220,7138,4413,220,5303,4798,5999,8562"
21754,21754,"8421,2140,4277,4798,331,5303,9580,12990,10326,851"
21768,21768,"6220,6971,5303,8421,4798,2380,10326,5999,9799,3950"
21775,21775,"10431,1377,12029,9375,13110,3509,8188,12339,13306,12606"
21781,21781,"4576,1290,789,7120,9962,5135,10607,4664,2916,11024"
21789,21789,"1290,7120,10607,789,5135,296,4929,4576,6610,9962"
21795,21795,"5303,2140,6971,8421,2218,4798,2380,10326,9799,8562"
21812,21812,"7558,3950,9942,11622,6220,8562,13346,2218,5545,8421"
21814,21814,"2140,8421,5303,4798,10326,12990,4277,9580,851,331"
21820,21820,"3950,5999,2789,8562,4798,13346,8421,11622,10326,2380"
21827,21827,"6971,5303,2140,6220,8421,4277,2218,10326,4798,2380"
21838,21838,"1290,7120,4929,4576,12497,2916,10663,6971,12030,8590"
21855,21855,"5999,3950,3799,5532,5199,13346,4117,5495,2580,8235"
21881,21881,"6626,2140,9473,8746,6588,220,6751,10594,12857,1180"
21884,21884,"8421,5303,2140,4798,10326,331,851,5999,12990,2380"
21889,21889,"1290,7120,4929,10663,6971,6243,789,12497,2916,296"
21896,21896,"2140,5303,8421,4798,851,7138,5999,4277,331,9580"
21902,21902,"8421,10326,4277,5303,2140,331,9580,4798,12990,11282"
21916,21916,"8421,2140,5303,4798,10326,12990,4277,9580,3950,8562"
21927,21927,"1290,789,5135,9962,7120,13309,10607,6811,3697,10674"
21938,21938,"8421,2140,851,4277,331,12990,10326,5303,4798,1776"
21948,21948,"8421,5610,2218,350,10326,3950,13346,4277,12857,220"
21952,21952,"1290,7120,10663,4929,789,12497,5135,2916,12030,6243"
21954,21954,"5999,6971,5303,10326,2380,10835,2140,9799,4798,12990"
21955,21955,"6220,2140,13296,6971,5303,275,9942,10326,2380,8562"
21978,21978,"6220,7707,5149,8703,6971,7706,10429,13296,8922,2218"
21983,21983,"1290,7120,789,10607,5135,4576,544,89,9962,4664"
22004,22004,"6971,8922,2140,8590,5303,1290,6220,8235,2218,13296"
22007,22007,"1290,7120,10663,4929,2916,6243,12497,789,296,5135"
22014,22014,"2218,7138,8590,275,220,2140,6971,9942,9733,1912"
22020,22020,"2140,8421,5303,6220,4798,4277,10326,2380,12990,8562"
22052,22052,"8421,5303,4277,331,2140,4798,9580,12990,10326,8161"
22056,22056,"2218,2580,350,3950,3870,13346,5731,9178,1328,992"
22064,22064,"6220,10429,12606,7707,1863,12723,7706,5545,4430,5149"
22072,22072,"2140,5303,2218,8421,4798,12990,10326,4277,275,8562"
22074,22074,"8421,4798,3950,5303,4277,12857,11843,13346,9580,11384"
22102,22102,"3509,5545,2218,9942,3799,3870,13110,8607,714,4413"
22110,22110,"6220,4413,3870,8562,3950,5545,4798,9799,9942,2380"
22111,22111,"2140,8421,5303,10326,4277,12990,2380,4798,9580,1634"
22119,22119,"1290,6971,6220,8590,13296,7120,9942,89,4413,9799"
22125,22125,"3950,11622,10340,5999,13346,11751,2580,8562,6982,4798"
22150,22150,"6971,5303,8421,4798,10326,12990,9580,11282,851,7063"
22151,22151,"1290,7120,789,4929,10663,5135,12497,9962,2916,12030"
22154,22154,"1290,8703,7120,4929,10663,12030,6243,2020,12497,8567"
22213,22213,"6220,2218,13296,5303,2380,5545,8562,3870,9799,9942"
22256,22256,"8590,6220,275,544,2218,13296,6971,9942,2140,9072"
22258,22258,"5303,2140,2291,6971,7063,4798,10462,6515,10326,8421"
22265,22265,"9799,6971,4413,2380,2218,5303,8235,12026,4798,6220"
22279,22279,"6220,4413,6971,9799,2218,5545,5999,8235,8922,12026"
22280,22280,"6971,1290,2140,8922,6220,5303,7120,13296,9799,8590"
22283,22283,"3487,7120,10429,11024,7706,1290,11103,779,12903,12723"
22286,22286,"4413,2218,6220,5303,8562,2140,5999,2380,3950,3870"
22288,22288,"5303,2140,8421,4798,851,6971,10326,7138,4277,2218"
22321,22321,"1290,7120,4576,789,5135,9962,10607,2916,4929,13309"
22336,22336,"4798,2789,8421,5303,2140,3950,331,8562,10326,4277"
22344,22344,"5999,3950,4798,5303,10326,8421,2140,8562,7578,3055"
22353,22353,"9375,5105,1377,6060,5760,5494,10974,2770,6306,5027"
22356,22356,"789,4929,5135,2916,12497,13309,9962,296,6243,3697"
22387,22387,"2140,5303,8421,10326,4798,6971,12990,4277,2380,8562"
22427,22427,"1290,7120,8703,4929,7637,5149,10663,6243,12030,2020"
22428,22428,"1290,7120,4929,5135,10663,9962,12497,6971,6243,2916"
22449,22449,"1290,789,4576,7120,5135,10607,9962,4664,6610,13309"
22452,22452,"1290,7120,4929,10663,2916,4576,10607,296,6243,12497"
22460,22460,"4163,2957,789,1558,5135,9962,4576,10674,1851,1290"
22467,22467,"2140,6971,5303,1290,8590,10326,8421,13296,851,12990"
22480,22480,"1290,7120,10607,4576,11024,789,5135,4664,6610,4036"
22481,22481,"2140,5303,6971,8421,4798,2380,4277,10326,275,12990"
22484,22484,"8746,11622,5999,12611,1788,10340,1996,9443,1408,3950"
22489,22489,"2343,9693,6220,2218,6834,5532,2537,4576,10835,1290"
22502,22502,"7679,10674,789,4576,4664,10607,5135,4216,4163,11024"
22510,22510,"1290,4576,789,9962,5135,7120,8590,10607,13309,2916"
22511,22511,"1290,7120,4929,10429,10663,1863,7706,6243,6220,5149"
22514,22514,"6971,5303,10326,8421,6220,13296,2140,4277,4798,8590"
22520,22520,"1290,7120,12030,4929,10663,10322,5573,789,12497,2885"
22546,22546,"2140,7063,5303,5999,8421,2291,12990,11384,6515,6971"
22551,22551,"6220,2218,4413,5545,7707,9799,8562,9942,3950,6166"
22582,22582,"789,5135,9962,4163,4216,1290,2957,10607,13309,1851"
22595,22595,"6220,2218,13296,2140,5545,5303,6971,3870,8562,10326"
22597,22597,"2218,6220,220,2140,7558,1978,11540,9942,5545,5610"
22605,22605,"350,2218,9340,7138,6220,275,992,4277,2158,10326"
22618,22618,"8590,6971,2218,6220,5303,13296,8922,2140,4413,8235"
22641,22641,"8421,2140,851,4277,4798,350,5303,331,12990,10326"
22645,22645,"8421,811,4277,350,12990,1978,4798,2140,7197,331"
22660,22660,"6220,3950,8421,4798,8562,5303,10326,4413,2380,4277"
22666,22666,"2140,5303,4798,8421,7138,10326,851,2169,5999,6971"
22674,22674,"7120,789,5135,10607,4929,296,4576,9962,2916,13309"
22678,22678,"1290,789,5135,7120,9962,4929,10607,13309,296,10663"
22697,22697,"1290,7120,789,5135,4576,10607,4664,9962,296,13309"
22698,22698,"3950,5999,6220,8562,2218,2380,2789,11622,13346,10326"
22705,22705,"6971,6220,2140,8922,9799,7707,13296,544,1290,5303"
22710,22710,"350,9340,220,7138,2580,5610,1328,8421,2506,3770"
22714,22714,"3950,2218,8421,8562,5303,10326,5999,4798,3055,6971"
22715,22715,"5303,8590,2218,8235,5199,13296,7138,4413,5532,6220"
22720,22720,"8421,6220,3950,4277,8562,10326,2140,12990,4798,5303"
22734,22734,"6971,5303,2140,2218,9799,8922,6166,4798,9668,6220"
22735,22735,"6971,2140,5303,8590,8922,2218,4798,6220,10326,8421"
22736,22736,"2140,4798,8562,6220,5303,10326,3950,2218,12990,6971"
22747,22747,"1290,11024,4576,7120,10607,10389,1779,4929,6610,7679"
22748,22748,"6971,9668,7637,8922,9799,1290,6166,2140,2020,4698"
22759,22759,"6220,2218,5303,2140,10835,8562,6971,5545,8590,8235"
22761,22761,"5999,8421,4117,10326,6971,4798,5303,2140,5199,12990"
22774,22774,"9942,7558,4413,6220,10326,8562,2218,3950,5545,13296"
22783,22783,"6971,8922,6220,10429,5149,7706,3088,9799,1290,8703"
22830,22830,"2218,10326,5999,5303,8590,6220,13296,5495,7138,5199"
22831,22831,"7120,789,5135,9962,10607,13309,10663,296,4929,2916"
22846,22846,"2140,6220,6971,5303,10326,8421,8562,4798,9799,9580"
22850,22850,"1290,789,7120,9962,5135,4929,13309,2916,10663,12497"
22883,22883,"2218,6220,4413,5999,5545,9799,3950,8235,3870,8562"
22887,22887,"6220,2218,5303,2140,10326,6971,3950,4798,8421,2380"
22893,22893,"6220,13296,2218,5545,9942,8590,3870,4413,10326,275"
22905,22905,"6220,4413,5545,2218,12606,3950,8562,9942,7707,3870"
22923,22923,"5303,2140,8421,4798,10326,6971,851,331,12990,9580"
22956,22956,"11843,12990,851,4798,1996,5610,7197,1180,331,10326"
22964,22964,"6220,7706,5149,1863,7637,8981,2218,13296,5976,12723"
22972,22972,"789,5135,9962,4163,2957,1851,10607,4216,1558,1290"
22985,22985,"6971,2140,5303,8922,9799,9668,6166,8703,2218,4430"
23011,23011,"8421,4277,10326,350,12990,4798,2140,811,851,331"
23027,23027,"1290,10607,7120,5135,789,9962,4576,6610,13309,1779"
23036,23036,"6220,6971,2140,2218,2380,8421,8562,13296,9799,10326"
23038,23038,"8421,2140,5303,4798,4277,851,10326,331,12990,6220"
23046,23046,"6971,2140,13296,5545,2218,9942,7707,8590,5303,89"
23051,23051,"2140,7558,12990,6220,275,8421,1634,10326,1978,5303"
23057,23057,"7325,5140,6060,5901,6640,6487,12204,6150,10707,8911"
23062,23062,"4163,2957,789,1558,5135,9962,1851,10674,4688,10607"
23069,23069,"8562,3950,6220,2140,5303,4798,10326,3870,13346,8421"
23078,23078,"6220,2140,2218,5545,6971,8562,7707,9942,5303,3870"
23113,23113,"2218,6971,2140,6220,5303,5999,4413,9799,11540,8562"
23121,23121,"1290,7120,789,5135,9962,13309,2916,6811,3697,10663"
23123,23123,"8421,851,2140,12990,6515,4798,4277,11843,11282,1180"
23136,23136,"2140,5303,6971,10326,9799,2380,8421,4798,12026,8590"
23138,23138,"3950,4798,8421,5999,9799,5303,6971,8235,2380,454"
23140,23140,"6220,6971,13296,2218,8922,10326,5303,2140,9799,8235"
23170,23170,"8421,5303,2140,4277,4798,6220,10326,2218,12990,851"
23173,23173,"2140,6220,5303,8590,13296,8922,2218,10326,544,89"
23179,23179,"6220,2140,8421,5303,6971,8562,4277,10326,13296,8590"
23196,23196,"8421,2140,4277,5303,10326,4798,6220,8562,12990,331"
23199,23199,"2218,4413,6220,5545,8590,220,3870,13296,5610,9733"
23216,23216,"2140,6971,5303,9668,2291,9799,2380,12026,7715,8235"
23226,23226,"3950,220,4413,1210,5999,2580,13346,3870,2218,11540"
23233,23233,"13296,10326,5303,8421,4277,8562,8590,4798,6220,7138"
23253,23253,"5303,6971,2140,2218,5999,10835,6220,8235,5199,3055"
23281,23281,"1290,7120,789,5135,9962,13309,10663,4929,12497,3697"
